Name,PartNo
Air Filter,13717542545 OE
Air Filter,13717521033 OE
Air Filter,13721730946 OE
Fan Clutch,11527505302 OE
Air Filter,13721702907 MAHLE
Air Filter,13717582908 HENGST
Air Filter,13712246997 MAHLE
Air Filter,13712247444 HENGST
Spark Plugs,12122158253 OE
Spark Plugs,12120032136 OE
Spark Plugs,12129063428 OE
Spark Plugs,12122158252 OE
Spark Plugs,12120037582 OE
Spark Plugs,12120037580 OE
Spark Plugs,12120037663 OE
Spark Plugs,12120037607 OE
Spark Plugs,12120037244 OE
Spark Plugs,101 000 033 AA OE
Ac Filter,64319142115 OE
Spark Plugs,101 905 606A OE
Spark Plugs,101 905 622 OE
Spark Plugs,A 004 159 45 03 OE
Air Filter,13717798342 MAHLE
Ac Filter,64312218428 HENGST
Air Filter,13717548888 OE
Air Filter,13717793647 OE
Air Filter,13717521023 OE
Ac Filter,64319171858 HENGST
Air Filter,13717601868 HENGST
Air Filter,13717532754 MAHLE
Air Filter,13717536006 MAHLE
Air Filter,13717503141 MANN
Front Brake Pads,34116761252 OE
Front Brake Pads,34116774050 TEX
Rear Brake Pads,34216788183 OE
Front Brake Pads,34116852253 OE
Front Brake Pads,34116761244 TEX
Front Brake Pads,34116769951 TEX
Rear Brake Pads,34216778168 TEX
Rear Brake Pads,34216774692 TEX
Rear Brake Pads,34216761248 TEX
Rear Brake Pads,34216763043 TEX
Rear Brake Pads,34216768471 TEX
Engine Mounting,22116768852 FEBI
Rear Brake Pads,34213403241 TEX
Rear Brake Pads,34216763044 TEX
Front Brake Pads,34113404362 TEX
Front Brake Pads,34116777772 TEX
Front Brake Pads,34116761514 TEX
Fuel Filter,13321740985 MAHLE
Fuel Filter,16126754016 MAHLE
Diesel Filter,13327811227 MAHLE
Fuel Filter,13327512019 MAHLE
Diesel Filter,16126765756 OE
Air Filter,13717577458 OE
Stabilizer Links,31356765933 LMI
Fuel Filter,16126750475 MAHLE
Rear Guiding Link,33326774796 LMI
Ball Joints,31103418341 LMI
Ball Joints,33326767748 LMI
Ball Joints,31103438623 OE
Control Arm Bushes,33176751808 LMI
Engine Mounting,22113421295 LMI
Engine Mounting,22116779972 LMI
Gearbox Mounting,22316799330 LMI
Ball Joints,31126756491 LMI
Rear Rubber Mounting,33316770781 LMI
Control Arm Bushes,31126769715 OE
Rear Rubber Mounting,33316770454 LMI
Rubber Mounting,33176770788 LMI
Stabilizer Links,33551096735 LMI
Control Arm Bushes,31106778015 OE
Valve Tronic Gasket,11127552280 OE
Driveshaft boot,31607507403 FEBI
Driveshaft boot,31607507402 FEBI
Vtg Motor,27102449709 OE
Boot Emblem,51147157696 OE
Valve Tronic Motor,11377548387 VDO
Door Carrier,51218243615 OE
Door Carrier,51218243616 OE
Air Filter,13717811026 OE
Oil Filter,11427566327 OE
Air Filter,13717797465 HENGST
Oil Filter,11427583220 OE
Oil Filter,11427808443 OE
Gearbox Cooler,17227505826 BEHR
Oil Filter,11427848321 OE
Oil Filter,11421716192 MAHLE
Oil Filter,11427508969 OE
Oil Filter,11427512300 MAHLE
Shock Mounting,31336769582 LMI
Oil Filter,11427787697 HENGST
Engine Mounting,22116768852 LMI
Shock Mounting,33526779611 LMI
Oil Filter,11427807177 MAHLE
Engine Mounting,22116768853 LMI
Engine Mounting,22113421296 LMI
Engine Mounting,22116760330 OE
Shock Mounting,31336788776 OE
Gearbox Mounting,22316864675 OE
Expansion Tank,17117573780 OE
Expansion Tank,17117573781 OE
Air Springs,37121095580 BIL
Air Springs,37121095579 BIL
Expansion Tank,17137640514 OE
Gearbox Mounting,22316771743 OE
Air Springs,37126790078 OE
Air Springs,37126750356
Expansion Tank,17138621092 OE
Alternator Pulley,12317560483 OE
Belt Tensioner,11288624196 INA
Engine Mounting,22116795417 OE
Wheel Bearing,33411130617 FEBI
Wheel Bearing,31226783913 FEBI
Centre bearing,26121229726 FEBI
Deflection Pulley,11287799464 OE
Deflection Pulley,11287627053 OE
Deflection Pulley,11287559889 OE
Deflection Pulley,11287559887 OE
Adjusting Pulley,11287512758 INA
Belt Tensioner,11287524267 INA
Belt Tensioner,11287627052 OE
Belt Tensioner,11287838797 INA
Deflection Pulley,11287515847 OE
Air Filter,13713428558 MAHLE
Deflection Pulley,11287535860 OE
Deflection Pulley,11287841228 OE
Adjusting Pulley,11281435594 INA
Alternator Pulley,12317560678 OE
Belt Tensioner,11281432104 INA
Adjusting Pulley,11281748131 INA
Front Shocks,31316786005 BOGE
Front Shocks,31316786006 BOGE
Window Lifter,51338254911 DRM
Window Lifter,51338254912 DRM
Window Lifter,51337020660 DRM
Window Lifter,51357125059 DRM
Window Lifter,51337020659 DRM
Window Lifter,51357140589 DRM
Window Lifter,51357140590 OE
Window Lifter,51358212099 DRM
Window Lifter,51358212100 DRM
Window Lifter,51357125060 DRM
Ac Filter,64316945585 OE
Thermostat,11431437085 BEHR
Thermostat,11537510959 BEHR
Thermostat,11537549476 BEHR
Gearbox  Filter,24152333899 OE
Door Carrier,51218243615 FEBI
Thermostat,11531437040 BEHR
Thermostat,11537550172 BEHR
Fuel Pump,16117159604 OE
Air Filter,13717524412 MAHLE
Front Shocks,31316764603 BOGE
Front Shocks,31316764604 BOGE
Lock Nuts,36136786419 OE
Lock Nuts,36136776076 OE
Front Shocks,31326764457 BOGE
Front Shocks,31326764458 BOGE
Rear Shocks,33526766605 BOGE
Lock Nuts,36136786426 OE
Lock Nuts,36136773191 OE
Washer Pump,67128362154 VDO
Solenoid Valve,11367585425 OE
Solenoid Valve,11367560462 OE
Rear Crankshaft Seal,11117584398 OE
Oil Level Sensor,12617501786 HELLA
Window Switch,61316962509 OE
Window Switch,61316962508 OE
Chain Tensioner,11318685091 OE
Wheel Bolts,36136781150 OE
Level Sensor,37146853753
Window Switch,61316945874 OE
Level Sensor,37146784697
Crankshaft Sensor,13627548994 OE
Gasket Ring,11127502482 OE
Ignition Switch,61326901961 OE
Window Switch,61319218044 OE
Window Switch,61319217248 OE
Crankshaft Sensor,13627525015 VDO
Window Switch,61319217341 OE
Expansion Tank Cap,17117639022 OE
Expansion Tank Cap,17117639021 OE
Expansion Tank Cap,17117639020 OE
Fuel Pump,16147197075 VDO
Emf Brake Switch,61319156133 OE
Camshaft Sensor,12147539165 OE
Emf Switch,61319148508 OE
Window Switch,61313414355 OE
Belt Tensioner,11287807021 OE
Water Pump,11517632426 VDO
Exchange Control Unit/air Supply System,37146874414 OE
Eccentric Shaft Sensor,11377527016 OE
Profile Gasket,11141709594
Front Abs Sensor,34526756379 OE
Fuel Additive,83192408560 OE
Fuel Additive,83192296922 OE
Adaptor Kit,31306779671 OE
Cylinder Head Gasket,11127509710 ELRING
Cylinder Head Gasket,11127563412 ELRING
Engine Sump Gasket,11137511224 ELRING
Top Cover Gasket,11214-75012
Front Wiper Blades,61610427668 BOSCH
Gearbox Sump Gasket,24117543484 OE
Front Wiper Blades,61610037027 BOSCH/SWF
Gearbox Sump Gasket,24117572618 OE
Engine Sump Gasket,11137548031 ELRING
Front Wiper Blades,61610431438 BOSCH
Top Cover Gasket,11128655413 ELRING
Engine Sump Gasket,11131437237 ELRING
Front Wiper Blades,61610420550 OE
Cylinder Head Gasket,11127501304 ELRING
Cylinder Head Gasket,11127506983 VR
Cylinder Head Gasket,11121708606 VR
Front Wiper Blades,61612156543 OE
Diff Seal,33107564416
Rear Wiper Blade,61627161029 BOSCH
Rear Wiper Blade,61627138508 OE
Cylinder Head Gasket,11127566288 OE
Cylinder Head Gasket,11127566289 OE
Top Cover Gasket,11127587804 OE
Rear Wiper Blade,61623428599 OE
Rear Wiper Blade,61627074477 OE
Rear Wiper Arm,61623400708 OE
Rear Wiper Arm,61627206357 OE
Top Cover Gasket,11121432885 ELRING
Engine Sump Gasket,11131432109 ELRING
Top Cover Gasket,11120030496 ELRING
Top Cover Gasket,11120032224 ELRING
Air Filter,13917548897 OE
Air Filter,13717514832 MAHLE
Rear Shocks,33506751543 BOGE
Thermostat,11537549476 OE
Bulk Head Covers,51717169420 OE
Bulk Head Covers,51717169419 OE
Bulk Head Covers,51717169421 OE
Tie Rods,32106793496 LMI
Tie Rods,32216751277 LMI
Tie Rods,32111094674 LMI
Tie Rods,32111094673
Tie Rods,32106777503 LMI
Tie Rods,32106777504 LMI
Tie Rods,32106765236 LMI
Tie Rods,32106765235 LMI
Tie Rods,32103444999 LMI
Wishbone,31126760276 LMI
Wishbone,31126760275 LMI
Control Arm,31121141718 LMI
Control Arm,31121141717 LMI
Control Arm,31126769797 LMI
Control Arm,31126774826 LMI
Control Arm,31126774825 LMI
Control Arm,31126773949 OE
Control Arm,31126773950 OE
Control Arm,31126773950 LMI
Control Arm,31126773949 LMI
Wishbone,31126771893 LMI
Wishbone,31126771894 LMI
Top Radiator Hose,17127531768 OE
Steering Pipe,32416767136 OE
Wishbone,33326770859 LMI
Wishbone,33326770860 LMI
Coolant Hose,17123413819 OE
Wishbone,31126770849 LMI
Wishbone,31126770850 LMI
Front Shocks,31313453521 BOGE
Front Shocks,31313453522 BOGE
Gear Box Filter,24117593565 OE
Ribbed V-belt,6PK 1538 CONTINENTAL
Ribbed V-belt,6PK 1893 CONTINENTAL
Ribbed V-belt,6PK 2080 CONTINENTAL
Ribbed V-belt,6PK 1733 CONTINENTAL
Ribbed V-belt,6PK 1990 CONTINENTAL
Ac Belt,4PK 845 CONTINENTAL
Wishbone,31126768298 LMI
Wishbone,31126768297 LMI
Water Hose,11531436407 OE
Ribbed V-belt,7PK 1370 CONTINENTAL
Ribbed V-belt,6PK 1870 CONTINENTAL
Ribbed V-belt,6PK 1836 CONTINENTAL
Ac Belt,4PK 836 BOSCH
Ac Belt,4PK 970 CONTINENTAL
Top Radiator Hose,17127525023 OE
Additional Dampers,31336865132 OE
Front Shocks,31316759095 BOGE
Front Shocks,31316759096 BOGE
Stabilizer Links,31356750703 LMI
Stabilizer Links,31356750704 LMI
Rear Shocks,33526771725 BOGE
Stabilizer Links,31303414299 LMI
Stabilizer Links,31303414300 LMI
Wishbone,31103451881 LMI
Wishbone,31103451882 LMI
Stabilizer Links,31356780847 LMI
Top Radiator Hose,17127520668 OE
Stabilizer Links,31351095661
Rear Wiper Blade,7P6 955 427
Stabilizer Links,31356859651 LMI
Stabilizer Links,31356859652 LMI
Coolant Hose,17127593490 OE
Water Pump,11517509985 GK
Water Pump,11517586925 PIERBURG
Coolant Hose,17123415433 OE
Cylinder Head Hose,11537572159 OE
Connector Hose,11537560130 OE
Rear Brake Discs,34216868940 OE
Steering Pipe,32411095526 OE
Return Pipe,32411094953
Heat Exchanger Hose,11537609944 OE
Vent Pipe,17127536235 OE
Connector Hose,11531708808 OE
Coolant Hose,11533400207 OE
Tension Spring,51247045884
Control Arm,31126774831/832
Hand Brake Module,34436850289 OE
Tail Light,63217158940 MM
Tail Light,63217158939 MM
Bumper Reflector,63217158950 OE
Oil Separator,11617501566 OE
Oil Separator,11617503520 OE
Rear Adaptor Kit,33536769473
Ventilation Hose,11157532649 FEBI
Air Filter,13717571355 OE
Front Top Windscreen Moulding,51317061967 OE
Pannelling,51718189100 OE
Windscreen Moulding,51317061970 OE
Bonnet Cable,51237164798 OE
Dipstick,11437786262 OE
Ventilation Pipe,17127565091 OE
Window Lifter,51337138467 OE
Window Lifter,51357138468 OE
Oil Filter Housing Gasket,11428637820 OE
Oil Filter Housing Gasket,11428637821 OE
Vacuum Seals,11668626471
Oil Filter Housing Gasket,11421719855 OE
Gasket Ring,32411128333 OE
Oil Filter Housing Gasket,11427508970 OE
Vanous Seals,11367546379 OE
Vanous Seals,11367506178
Dipstick Seal,11437529257 OE
Seals,11617530703
Water Pump Gasket,11517514940 OE
Flat Gasket,18107502346 OE
Exhaust Gasket,18407530606 OE
Valve Seals,11349064457 OE
Valve Seals,11340029751 OE
Water Pump Connector,11517542128 OE
Seal Flange,11377502022
Seal Flange,11127559699 OE
Sealing Sleeve Connector,24347588725
Vibration Damper,11238511371 FEBI
Bonnet Shocks E53,51238402551 STABILUS
Bonnet Shocks E90,51237060550 STABILUS
Micro Filter,64319194098 HENGST
Rubber Buffer,13717539903 OE
Cover Plate,11537583666 OE
Expanding Rivets,51481915964 OE
Clips With Sealing Ring,51418224781 OE
Door Panel Clips,51418224768 OE
Clamp,51718184574 OE
Bleeder Screw,17111712788 OE
Clamp,51337008409 OE
Glass Clips,51338254781 OE
Body Nut,07129904150 OE
Locking Button Cover Door Clips,51418408567
Clips,51718267301 OE
Plug-in Retainer,07149158194 OE
Arc Moulding Clips,51777171004 OE
Bumper Repair Kit,51127154094 OE
Expanding Rivets,51471919209 OE
Clips,51338218383 OE
Pin Clip,07147122913 OE
Oil Filter Housing Gasket,11427508971 OE
Expanding Rivets,51717186168 OE
Spark Plugs,12122158252 BOSCH
Spark Plugs,12120037607 BOSCH
Spark Plugs,12122158253 BOSCH
Additional Dampers,31336764085 OE
Radiator E60,17117519209 NISSENS
Rear Wiper Cover,61623427800 OE
Rear Logo X3,51143401005
Rear Brake Sensor,34356854168
Front Brake Sensor,34356789439
Gearbox Oil,83222289720 ZF
Rear Shocks,33153451402 BOGE
Front Brake Pads,34116763617 ATTE
Light Rings Bulb,63117161444
Bulb Holder,63216943036 OE
Front Additional Dampers,31336771352 OE
Door Handle,51218243618 OE
Transfer Box Oil,83225A4F016 OE
Fuel Pump,16146766942 VDO
Oil Filter,11421730389 MAHLE
Oil Separator,11617526654 OE
Clips,8D0 805 960
Clips,4A0 805 163
Radiator E53,17107544668 NISSENS
Gearbox Oil,83222305396 ZF
Radiator E90,17117559273 BEHR
Deflection Pulley,11281440378 OE
Water Pump Gasket O-ring,11517514942
Stabilizer Links,31356765934 LMI
Additional Dampers,31336776389 OE
Additional Dampers,31336776390 OE
Ignition Coil,12131712219 BOSCH
Oil Filler Cap,11127500568
Gear Sump,24152333907 ZF
Air Springs,37126790079 OE
Air Springs,37126790078 BIL
Air Springs,37126790079 BIL
Front Brake Sensor,34351164371 TEXTAR
Additional Dampers,33536761027 OE
Air Filter,13717577457 OE
Additional Dampers,31303411973 OE
Steering Angle Sensor,32306793632 OE
Spacer Nuts,31316769731
Gearbox Sump Gasket,24117571235 OE
Front Brake Sensor,34356789502 TEXTAR
Front Brake Sensor,34351165579
Chf 11s,81229407758
Front Brake Sensor,34356789492
Rear Additional Dampers,33536767334 OE
Towing Cover,51117167575
Control Arm,31126777851 LMI
Control Arm,31126777852 LMI
Radiator E46,17119071518
Covering,51757171791 OE
Covering,51757171792 OE
Radiator E70,17117585036 BEHR
Bar Bush,31303404065 OE
Door Handle,51218243617 OE
Rear Brake Sensor,34353411757
Rear Brake Sensor,34356789505
Front Brake Sensor,34356789501 TEXTAR
Shock Mounting,31306779604 LMI
Front Brake Sensor,34356789503
Front Brake Sensor,34356762252
Engine Mounting,22116770638 OE
Wiper Arm Cover,61617138991 OE
Diff Oil,33117695240/987 OE
Control Arm Bushes,31126783376 LMI
Sump Guard,51752990573 OE
Wiper Arm Cover,61627161030 OE
Bar Bush,31351095271 FEBI
Headlight Cover,51657199142 OE
Rear Brake Sensor,34351165580
Bumper Cover,51123416243 OE
Additional Dampers,33502290318 OE
Bar Bush,33551096893 OE
Steering Rubber Boot,32136751026 LMI
Rear Shocks E46,33526759099 BOGE
Gearbox Sump,24152333903 ZF
Protection Tube,33521136283
Bar Bush,31356765574 OE
Bar Bush,31356761591 OE
Expanding Rivets,51717002953 OE
Rear Brake Sensor,34351164372
Rear Brake Sensor,34356762253
Front Brake Sensor,34353411756
Front Brake Sensor,34356789440
Rear Brake Sensor,34356789493
Bar Bush,31351093108 OE
Bolt,11287545753 OE
Oil Filter,11427511161 MAHLE
Bar Bush,31351097021 FEBI
Front Brake Sensor,34356792562
Rear Brake Sensor,34356792565
Expanding Rivets,51161881149 OE
Battery Varta,FB740/74AH
Battery Varta,EP95L5/100AH
Temperature Sensor Second Hand,A 203 830 04 72
Temperature Sensor,A 211 830 02 72
Gear Mounting,6Q0 199 555A
Air Filter,1F0 129 620 OE
Oil Filter,021 115 562A OE
Oil Filter,06D 115 562 OE
Wheel Bearing,31206870725 OE
Diesel Filter,7L6 127 434C MAHLE
Oil Filter,057 115 561L MAHLE
Oil Filter,030 115 561AN
Oil Filter,06A 115 561B
Slide Rail,11317505608
Oil Filter,A 271 180 05 09 OE
Switch Cluster,61319169072
Sensor,7P0 907 652
Washer Cover,51117248063
Solenoid Valve,11418601643 OE
Camshaft Seal,06H 103 483D
Air Filter,7L0 129 620A MANN
Upper Camshaft,06H 103 483C
Air Filter,036 198 620 HENGST
Air Filter,06C 133 843 MAHLE
Ac Filter,8K0 819 439B HENGST
Air Filter,058 133 843
Ac Filter,1K1 819 653B MANN
Air Filter,06F 133 843A OE
Fuel Additive,XADO PETROL CLEANER
Atf Iii/iv/v,III/IV/V
Tie Rods,32106778547 OE
Brake Fluid,HBF 4
Wind Screen Adhesive,ART. 0893 40
Atf Oil,S2 ATF AX
Flushing Oil,FLUSHING OIL
Coolant,COOLANT TOTAL
Valve Tronic Gasket,11377516302
Vitaflush Engine Motor Satchet,VITA FLUSH - Satchet
Engine Oil,CASTROL 5W-40
Engine Oil,HX5 15W-40
Cable Ties (small),4.8X178 MM Tie Wraps
Cable Ties (large),7.8X360 MM Tie Wraps
Hose Clip,HOSE CLIP
Cable Ties (medium),4.8X280 MM Tie Wraps
Control Arm,31126769798 LMI
Medium Ordinary Bulb,MEDIUM ORDINARY BULB
Double Filament Bulb,P21/5W
Indicator Bulb,Py21W 7507 Orange Offset
Orange Non-offset,ORANGE NON-OFFSET
Ball Joints,31106787665 LMI
Capless Bulb(small),"W1,W2 OSRAM"
Number Plate Bulb,6418
Capless Bulb(medium),W5W OSRAM
Single Filament Bulb,7506 P21w
Bar Bush,31356753913 FEBI
Bulb,H7 OSRAM
Windscreen,51317186790
Oil Filler Cap,11128655331 OE
Propeller Shaft Center Support,7L0521102N
Air Suspension Pump,37206859714 AMK
Crankshaft Sensor,13627809334 OE
Connector Hose,11127806196 OE
Ribbed V-belt,6PK 1873 CONTINENTAL
Bowden Cable,51218403057 OE
Engine Breather,11127794597 OE
Engine Breather,11127809512 OE
Shaft Seal,24317519352 OE
Rear Crankshaft Seal,11117511396 OE
Front Brake Sensor,34356755266
Rear Brake Sensor,34356790304
Front Brake Sensor,34356790303
Rear Brake Sensor,34356755267
Bulb,H11 OSRAM
Air Filter,13717589642 MAHLE
Air Filter,13717589641 MAHLE
Front Brake Pads,34106859182 OE
Rear Brake Pads,34216796741 TEX
Water Hose,17127516416 OE
Engine Inlet Hose,64218409062 OE
Front Brake Pads,34116780711 TEX
Control Arm Bushes,31126783376 OE
Gearbox Filter,24117557069 OE
Top Cover Gasket,11120031987 VR
Air Filter,13717800151 OE
Oil Filter,11428507683 OE
Engine Mounting,22116795416 OE
Bumper Reflector,63217158949 OE
Coolant Hose,11537552339 OE
Air Flow Sensor,13621433565 BOSCH
Covering,51747222869 OE
Spark Plug Tubes,11377509627 OE
Engine Mounting,22116770794 LMI
Connecting Line,11157503523 OE
Return Pipe,11157533346 OE
Vent Valve,11157501567
Wheel Bearing Kit,31206779735 FEBI
Water Pump,11517515778 OE
Calliper Clips,34211157046 OE
Gearbox Mounting,22316773125 OE
Spark Plugs,12120038349 OE
Valve Tronic Motor,11377603979 OE
Front Wiper Blades,61610032743 BOSCH/SWF
Ac Compressor,64526918000 NISSENS
Footwell Module,61356827063 OE
Cylinder Head Cover,11127552281 OE
Bulb,D2S OSRAM
Front Wiper Blades,61610034741 OE
Bumper Bracket,51117116667 OE
Bumper Bracket,51117116668 OE
Additional Dampers,33503404974 OE
Engine Mounting,22113415176 OE
Stabilizer Links,31306781547 LMI
Stabilizer Links,31306781548 LMI
Bonnet Shocks E60,51237008745 STABILUS
Gearbox Sump Gasket,24101423380 OE
Top Cover Seals,11121721879
Rubber Boots,32131096910 LMI
Oil Pipe,11361705532 OE
Alternator Pulley,12317560483 INA
Windscreen Moulding,51317138664
Vent Hose,11157559528 OE
Starter,12412354701 BOSCH
Steering Reservoir Cap,32411092649
Engine Mounting,22116865146 OE
Eccentric Shaft Sensor,11377524879 OE
Oil Level Sensor,12617607909 OE
Ignition Coil,12138616153 OE
Rear Shock Mounting,33503450542 LMI
Air Filter,13718518111 OE
Air Filter,13718518111 HENGST
Air Filter,A 271 094 03 04 MANN
Air Filter,13717590597 HENGST
Window Switch,61319218042 OE
Deflection Pulley,11288673720 OE
Belt Tensioner,11288604266 OE
Rear Wiper Blade,61622990035 OE
Rear Wiper Blade,61627213241 OE
Top Radiator Hose,17127586774 OE
Washer,31306763966
Radiator,17113415693 NISSENS
Front Shocks,31326781917 BOGE
Spring Pads,31331128523 OE
Engine Sump Gasket,11137600482 ELRING
Top Cover Gasket,11127513194 VR
Top Cover Gasket,11127513195 VR
Dust Protection Collar,31331110196 OE
Return Pipe,11617504536 OE
Vent Hose,11157532628 OE
Rear Brake Pads,34216776937 OE
Rear Shock Mounting,33526768544 OE
Boot Handle,51717030528 OE
Wheel Mechanism,51713452198 OE
Gearbox Cooler,17217529499 BBR
Wheel Hub Cap,36136783536 OE
Fuel Pump,16146752368 PIERBURG
Micro Filter,64119237159 OE
Air Filter,13717556961 MAHLE
Window Lifter,51333448250 DRM
Bonnet Shocks E83,51233400352 STABILUS
Rear Shock Mountings,33521092362 LMI
Front Wiper Blades,61612158220 OE
Bonnet Shocks E87,51237118370 STABILUS
Bonnet Shocks E70,51237148346 OE
Water Pump,11517790472 OE
Addittional Dampers,31302290314 OE
Return Pipe,11537806706 OE
Radiator E70,17117533472 BEHR
Radiator Drain Cork,17111437360
Heater Pipe,64126953089 OE
Pressure Convertor,11658509323
Brake Light Switch,61316967601 OE
Heater Hose,64219111763 OE
Wheel Bolt,36136781152 OE
Ac Belt,4PK 863 CONTINENTAL
Ac Belt,4PK 860 CONTINENTAL
Air Filter,13721736675 MAHLE
Ac Compressor,64529182793 BEHR
Pressure Converter,11747626351 OE
Vent Pipe,11611432559 OE
Rear Brake Pads,34216768471 OE
Rear Brake Pads,34216761248 OE
Air Filter,13717526008 OE
Gearbox Cooler E53,17207500754 BEHR
Circlip,07147154447 OE
Self -tapping Screws,07117129160 OE
Air Filter,13717521033 HENGST
Thermostat,11537552403 OE
Engine Mounting,22116779970 LMI
Adapter,24347571211 OE
Water Pump,11511734602 FEBI
Top radiator Hose,17127521361 OE
Engine Mounting,22116795418 OE
Front Brake Sensor,34356791958 OE
Rear Brake Sensor,34356791960 OE
Thermostat,11537586784 OE
Front Brake Pads,34116851269 OE
Rear Brake Pads,34216790966 OE
Egr Thermostat,11717787870 OE
Window Lifter,51333448250 OE
Hose Pipe,11531436409
Control Arm,31126775959 LMI
Control Arm,31126775960 LMI
Upper Control Arms,31126863785 LMI
Upper Control Arm,31126863786 LMI
Bulb,63112179077 OE
Flap,51128402327 OE
Return Pipe,11157513903 OE
Ignition Coil,12137559842 OE
Top Cover Seals,11121437395
Valve Tronic Motor,11377548388
Air Duct,13711438471 OE
Top Cover Gasket,11127555738 ELRING
Engine Sump Gasket,11137561427
Boot Shocks E83,51243400379 FEBI
Ac Filter,64319312317 HENGST
Wishbone,31126850781 LMI
Wishbone,31126850782 LMI
Stabilizer Links,31356777319 LMI
Air Filter,13718507320 HENGST
Oil Filter,11427640862 MANN
Front Brake Discs,34116854997 TEXTAR
Deflection Pulley,11287556251 OE
Grill,51117130457 OE
Grill,51117130458 OE
Coolant Hose,17123424499 OE
M-grills,51137157687/688
Additional Dampers,31336771892 OE
Windscreen Moulding,51317182004
Bowden Cable,51234402614 OE
Bowden Cable,51237408134 OE
Raditor Top Hose,17127566031 OE
Exhaust Bracket,18303413461 OE
Fuel Additive,A 000 989 25 45 16 OE
Spark Plugs,12120039664 OE
Spark Plugs,12122293697 OE
Ac Filter,64119272641/642 MAHLE
Air Filter,13717602643 MAHLE
Air Filter,13718570043 HENGST
Ac Filter,64119237554 HENGST
Ac Filter,64119163329 OE
Air Filter,13717548898 MANN
Belt Tensioner,11281433571 INA - Belt
Rubber Mouting,18207544809 OE
Ball Joints,31122180455 FEBI
Control Arm Bushes,33321095287 LMI
Control Arm Bushes,33326764105 LMI
Driveshaft boot,31607529204 OE
Driveshaft boot,31607529203 FEBI
Engine Mounting,22116793018 OE
Engine Mounting,22116865145 OE
Front Brake Pads,34116858047 TEX
Rear Brake Pads,34216862202 OE
Oil Filter,11427788460 MANN
Oil Filter,11427635557 MANN
Oil Filter,11428575211 HENGST
Oil Filter,11427542021 OE
Oil Filter,11427510717 OE
Bulb Holder,63117407330 OE
Bulb,63217164760 OE
Bulb,HB4
Headlight Bulb,D1S
Bulb,D3S
Bulb,H21W OSRAM
Bulb,H8 OSRAM
Bulb,H9 HALOGEN
Guide Rail,11317577301 OE
Bumper Bracket,51113400919 OE
Bumper Bracket,51113400920 OE
Hydraulic Oil Valve,11417584990 OE
Camshaft Sensor,12147518628 HELLA
Temperature Sensor,13621433077 OE
Selector Seal,24357532668
Pressure Sensor,34511165437
Oil Pressure Sensor,12617549796 OE
Vent Hose,11127584128 OE
Oil Level Sensor,12617508003 HELLA
Headlight Switch,61319169406
Oil Level Sensor,12617607910 OE
Oil Drain Plug,11131742994
Wheel Bolt,36136890324 OE
Bonnet Emblem,51141970248 OE
Bonnet Emblem,51148132375 OE
Air Flow Sensor,13621432356 HELLA
Abs Sensor,34526756380 / 34520025726 /34521165573
Thermostat,11537601158 OE
Ac Filter,64319257504 OE
Ac Filter,64316962553 MAHLE
Front Brake Pads,34116794915 TEX
Gearbox Cooler,17227551636 OE
Window Lifter,51353448252
Fuel Filter,13327787477 OE
Diesel Filter,13328584874 MAHLE
Fuel Filter,13321709535 MAHLE
Window Regulator,51333402212 DRM
Expansion Tank,17137542986 BEHR
Rear Trunk Light,63217295340 MM
Rear Trunk Light,63217295339 MM
Ribbed V-belt,6PK 1005 CONTINENTAL
Ribbed V-belt,6PK 2060 CONTINENTAL
Ribbed V-belt,6PK 890 CONTINENTAL
Cylinder Head Cover,11127588412 OE
Ribbed V-belt,7PK 1642 CONTINENTAL
Ribbed V-belt,6PK 986 CONTINENTAL
Ac Belt,4PK 866 CONTINENTAL
Ac Belt,4PK 800/803 CONTINENTAL
Vent Hose,11157503524 OE
Heater Inlet Pipe,11531705210 FEBI
Bottom Radiator Hose,17127531769 OE
Engine Inlet Hose,64218377783 TRM
Water Pipe,11537502000 FEBI
Heat Exchanger Hose,11537519494 OE
Vacuum Pipe,34336768387 OE
Coolant Hose,17127592095 OE
Radiator Hose Pipe,17127516417
Coolant Hose,17117521067
Ventilation Line,11617547185 OE
Bumper Grill Mesh,51117123956 OE
Top Cover Gasket,11127565286 ELRING
Washer Pump,67128377612 OE
Boot Switch,51247463162 OE
Water Hose,17127598004
Motor Mount Bolt Set,22110392551
Tox Bolt,7146963730
Local Screws And Bolts,SCREWS AND BOLTS
Hood Lock Latch,51237115229
Plug-in Retainer,51457152442
Side Sill Clip,51777171003
Mounting Clip,51717006757
Spacer Clips,07147122912 OE
Plastic Nuts,16131176747 OE
Plastic Nut Insert,51718242741
Control Arm,31124083312 LMI
Control Arm,31126774832 LMI
Tie Rods,32211095955 OE
Control Arm,31124083311 LMI
Tie Rods,32106777479 LMI
Stabilizer Links,31356859651 OE
Profile Gasket,11427788455 OE
Profile Gasket,11427788463
O Ring,11667509080
Intake Silencer Hfm,11668626741
Oil Filter Housing Bush,11421432228 OE
Intercooler Seal Hose,11617790547
Oil Filter Housing Gasket,11421709800
Sensor Ring,66209142107
Baseplate Cover Set,51167076129
Tow Eye Cap Cover,51118050697
Tow Eye Cover,51117210880
Trim Panel Rear,51128402330
Pdc Sensor Cover,51128268367 OE
Pdc Sensor Cover,51128268370 OE
Right Mirror Supporting Ring,51167074952
Door Lock Cylinder Base Right,51218243362
Rear Lower Spring Pad,33536857003
Pressure Regulator Valve,11127547058
Rear Spring Strut Mounting,33506771738
Lock Cylinder Base Right,51218243632
Valve Seals,11340035853
Rubber Buffer,22316788586 OE
Shock Mount Sealing Grommet,33506767010 OE
Rear Suspension-lower Seat Pad,33536857004
Upper Spring Pads,31336767500 OE
Lock Cylinder Bracket - Left,51218243631
Right Head Light Washer Cover,51117042306
Distribution Piece,61677181996 OE
Handle Bracket Base Left,51218243629 OE
Handle Bracket Base Right,51218243630 OE
Stabilizer Rubber Mounting,31356753928
Oil Filler Cap,11127509328
Stabilizer Rubber Mounting,31351094556
Bowden Cable,51233434665 OE
Bowden Cable,51223434832 OE
Front Brake Sensor,34356792567
Windshield Cover,51317307896
Door Lock,51217229462 OE
Gear Box Filter,24117557070 OE
Gearbox Mounting,22313422956 OE
Engine Oil,HX8 5W-40
Washer Tank Cover,61667467951 OE
Radiator E83,17113400013 BEHR
Radiator X5 Diesel,17101439101
Oil Filter,059 115 561D
Diesel Filter,7P6 127 177A BOSCH
Fuel Filter,1J0 201 511A
Fuel Filter,4F0 201 511E
Oil Filter,059 198 405H HENGST
Fuel Filter,8E0 201 511J
Belt Tensioner,030 145 299F
Ribbed V-belt,6DPK 1817 CONTINENTAL
Air Filter,13717571355 HENGST
Rubber Mounting,112463755
Rear Crankshaft Seal,11142249533 OE
Fuel Filter,ADG02326
Fuel Filter,152126244AB MOPAR
Oil Filter,26310-2A510
Fuel Filter,A 271 180  05 09
Diesel Filter,3C0 127 434 OE
Ignition Coil,12137638477 BOSCH
Fuel Filter,646 092 00 01
Fuel Filter,014 323 00 09
Oil Filter,A 000 180 26 09 MANN
Cylinder Head Gasket,11127599212 OE
Air Duct Left,51747200773 OE
Front & Rear Brake Sensor,34356804833/834
Oil Filter,A 104 180 05 09 HENGST
High Pressure Pump,13518604231 BOSCH
Oil Filter,045 115 466B
Left Bottom Cover,51757193493
Oil Filter,A 611 180 00 09 HENGST
Pressure Sensor Second Hand,211000283
Sensor,113550755
Ac Filter,221 830 00 18 HENGST
Air Filter,68258448AA-001 MOPAR
Shock Mounting,33506787178 LMI
Ac Filter,211 830 02 18 OE
Ac Filter,211 830 00 18 HENGST
Air Filter,642 094 21 04 MAHLE
Air Filter,F026400182-EFF BOSCH
AC Filter,7P0 819 631A
Air Filter,8R0 133 843K MAHLE
Air Filter,1K0 129 620D OE
Ac Filter,4F0 898 438C HENGST
Air Filter,A 604 094 13 04 MAHLE
Ac Filter,012 320 00 03
Additional Dampers,33536855439 OE
Air Filter,4F0 133 843A OE
Cambelt,036 109 119P
Air Filter,611 094 02 04
Front Bumper,51117248036
Ac Filter,64312218428 OE
Ac Filter,97133-1H500 OE
Air Filter,28113-2H000 TOYOTA
Engine Mounting,22113421296 OE
Tyre Pirelli,255/50 R19
Chain Tensioner,11317533879 OE
Ignition Coil,12138616153 BREMI
Spark Plugs,A 004 159 58 03 OE
Spark Plugs,101 000 068 AA OE
Spark Plugs,06H 905 601A OE
Spark Plugs,101 905 626 OE
Spark Plugs,101 905 601B OE
Coolant Hose,17127640917 OE
Atf 134 Fe Merc,A 001 989 78 03 09
Cvt Fluid J1 Mitsubishi Motors,CVT FLUID J1 MITSUBISHI MOTORS
Manual Transmission Fluid,83222339221
Gear Oil,ECTF-II
Transmission Fluid Atf Dct,A001989850309
Multi Grade Oil Merc,A 001 989 24 03 10
Automatic Transmission Fluid,A 001 989 68 03
Gearbox Oil,83222305396 OE
Steering Repair Kit,32106891974 OE
Diesel Particulate Filter Protection,DIESEL PARTICULATE FILTER PROTECTION
Brake Cleaner,BRAKE CLEANER
Oxygen Sensor,11787512985 BOSCH
Oxygen Sensor,11787512975
Oxygen Sensor,11783438782
Oxygen Sensor,11787570481 OE
Oxygen Sensor,11787558055 OE
Oxygen Sensor,11787545243
Audi Oxygen Sensor,AUDI OXYGEN SENSOR
Seal Ring Merc,A 120 997 03 46
Front Wiper Blades,A 204 820 12 45
Voltage Regulator,12317543917
Top Cover Gasket,11127582245 ELRING
Engine Sump Gasket,11137545293
Gear Box Gasket,24117524707 OE
Oxygen Sensor,030 906 262G
Oxygen Sensor,11787530287 BOSCH
Rear Shocks E70,33526781921 BOGE
Rear Shocks E70,33526781922 BOGE
Front Shocks,31316789573 BOGE
Front Shocks,31316789574 BOGE
Front Brake Sensor,34356768595
Front Brake Sensor,34351181344
Hose Pipe,17127548228
Bonnet Shocks E39,51238174866 FEBI
Air Filter,A 271 094 03 04 OE
Air Filter,A 271 094 02 04 MAHLE
Air Filter,A 273 094 04 04 OE
Coolant Flange,11531709232
Stabilizer Links,31306792211 LMI
Control Arm,31126855742 LMI
Control Arm,31126855741 LMI
AC Filter,7H0 819 631A
Oil Filter,03L 115 562 OE
Tyre Pirelli,285/45 R19 - PIRELLI
Adblue,83190441139 OE
Tie Rods,32211095956 LMI
Front Brake Sensor,34352229018
Radiator Mounting,17113400017
Return Pipe,11157533341 OE
Front Wiper Blades,61610039699 OE
Front Wiper Blades,61612147361 OE
Fuel Pump,16117198406
Handle,51213403840 OE
Towing Cover,51122990609
Towing Cover,51122990610
Rear Brake Pads,34216850570 OE
Front Brake Pads,34116878876 OE
Belt Tensioner,11287515865 OE
Water Hose Vw,4F0121055F
Hose Pipe,06E 121 045E
Hose Pipe,06E 121 168
Air Duct,1K0 805 965J OE
Ac Filter,A 203 830 10 18 OE
Air Filter,642 094 22 04 MAHLE
Head Light E90lci Left,HEADLIGHT E90LCI LEFT SECOND HAND
Head Light Merc Left,HEADLIGHT MERC LEFT SECOND HAND
Head Light Merc Right,HEADLIGHT MERC RIGHT SECOND HAND
Head Light E57 Left,HEADLIGHT E57 LEFT SECOND HAND
Head Light E81 Left,HEADLIGHT E81 LEFT SECOND HAND
Head Light E90 Left,HEADLIGHT E90 LEFT SECOND HAND
Head Light E71 Left,HEADLIGHT E71 LEFT SECOND HAND
Head Light Vw Touareg Left,HEADLIGHT VW TOUAREG LEFT SECOND HAND
Head Light E46 Left,HEADLIGHT E46 LEFT SECOND HAND
Head Light Vw Touareg Right,HEADLIGHT VW TOUAREG RIGHT SECOND HAND
Head Light E46 Right,HEADLIGHT E46 RIGHT SECOND HAND
Head Light E70 Right,HEADLIGHT E70 RIGHT SECOND HAND
Head Light E81 Right,HEADLIGHT E81 RIGHT SECOND HAND
Head Light F90 Left,HEADLIGHT F90 LEFT SECOND PART
Head Light E90 Right,HEADLIGHT E90 RIGHT SECOND HAND
Head Light Vw Golf Left,HEADLIGHT VW GOLF LEFT SECOND HAND
Head Light Vw Golf Right,HEADLIGHT VW GOLF RIGHT SECOND HAND
Head Light E53 Right,HEADLIGHT E53 RIGHT SECOND HAND
Tail Light 1 Series Left Outer,TAIL LIGHT 1 SERIES LEFT OUTER SECOND HAND SECOND HAND
Tail Light E65 Outer Left,TAIL LIGHT E65 OUTER LEFT SECOND HAND
Tail Light E65 Outer Right,TAIL LIGHT E65 OUTER RIGHT SECOND HAND
Tail Light E60 Right,TAIL LIGHT E60 RIGHT SECOND HAND
Tail Light E60 Left,TAIL LIGHT E60 LEFT SECOND HAND
Tail Light X6 Outer Left,TAIL LIGHT X6 OUTER LEFT SECOND HAND
Tail Light X6 Outer Right,TAIL LIGHT X6 OUTER RIGHT SECOND HAND
Tail Light 1 Series Right,TAIL LIGHT 1 SERIES RIGHT SECOND HAND SECOND HAND
Tail Light X6 Inner Left,TAIL LIGHT X6 INNER LEFT SECOND HAND
Tail Light X6 Inner Right,TAIL LIGHT X6 INNER RIGHT SECOND HAND
Tail Light E90 Outer Left,TAIL LIGHT E90 OUTER LEFT SECOND HAND
Tail Light E90 Outer Right,TAIL LIGHT E90 OUTER RIGHT SECOND HAND
Tail Light E53 Right,TAIL LIGHT E53 RIGHT SECOND HAND
Tail Light E53 Left,TAIL LIGHT E53 LEFT SECOND HAND SECOND HAND
Tail Light E90 Inner Left,TAIL LIGHT E90 INNER LEFT SECOND HAND
Tail Light E90 Inner Right,TAIL LIGHT E90 INNER RIGHT SECOND HAND
Tail Light E70 Outer Right,TAIL LIGHT E70 OUTER RIGHT SECOND HAND
Door Lock Actuator Complete E39 Front Left,DOOR LOCK ACTUATOR COMPLETE E39 FRONT LEFT SECOND HAND
Door Lock Actuator Complete E39 Front Right,DOOR LOCK ACTUATOR COMPLETE E39 FRONT RIGHT SECOND HAND
Door Lock Actuator Complete E39 Rear Right,DOOR LOCK ACTUATOR COMPLETE E39 REAR RIGHT SECOND HAND
Door Lock Actuator Complete E39 Rear Left,DOOR LOCK ACTUATOR COMPLETE E39 REAR LEFT SECOND HAND
Door Lock Actuator Complete E90 Front Right,DOOR LOCK ACTUATOR COMPLETE E90 FRONT RIGHT SECOND HAND
Door Lock Actuator Complete E90 Front Left,DOOR LOCK ACTUATOR COMPLETE E90 FRONT LEFT SECOND HAND
Door Lock Actuator Complete E90 Rear Left,DOOR LOCK ACTUATOR COMPLETE E90 REAR LEFT SECOND HAND
Door Lock Actuator Complete E90 Rear Right,DOOR LOCK ACTUATOR COMPLETE E90 REAR RIGHT SECOND HAND
Door Lock Actuator Complete E53 Front Left,DOOR LOCK ACTUATOR COMPLETE E53 FRONT LEFT SECOND HAND
Door Lock Actuator E53 Rear Right,DOOR LOCK ACTUATOR E53 REAR RIGHT SECOND HAND
Door Lock Actuator X6 Front Left,DOOR LOCK ACTUATOR X6 FRONT LEFT SECOND HAND
Door Lock Actuator Complete E87 Rear Right,DOOR LOCK ACTUATOR COMPLETE E87 REAR RIGHT SECOND HAND
Door Carrier E53 Rear Left,DOOR CARRIER E53 REAR LEFT SECOND HAND
Side Mirror E53 Left,SIDE MIRROR E53 LEFT SECOND HAND
Side Mirror E53 Right,SIDE MIRROR E53 RIGHT SECOND HAND
Side Mirror X6 Left,SIDE MIRROR X6 LEFT SECOND HAND
Side Mirror E46 Left,SIDE MIRROR E46 LEFT SECOND HAND
Side Mirror E90 Left,SIDE MIRROR E90 LEFT SECOND HAND
Side Mirror E90 Right,SIDE MIRROR E90 RIGHT SECOND HAND
Side Mirror E90 Lci Left,SIDE MIRROR E90 LCI LEFT SECOND HAND
Side Mirror E90 Lci Right,SIDE MIRROR E90 LCI RIGHT SECOND HAND
Window Lifter E53 Rear Left,WINDOW LIFTER E53 REAR LEFT SECOND HAND
Window Lifter E53 Front Right,WINDOW LIFTER E53 FRONT RIGHT
Window Lifter E53 Front Left,WINDOW LIFTER E53 FRONT LEFT
Window Lifter E90 Front Left,WINDOW LIFTER E90 FRONT LEFT SECOND HAND
Window Lifter E90 Rear Right,WINDOW LIFTER E90 REAR RIGHT SECOND HAND
Window Lifter E90 Rear Left,WINDOW LIFTER E90 REAR LEFT SECOND HAND
Window Lifter E39 Front Right,WINDOW LIFTER E90 FRONT RIGHT SECOND HAND
Window Lifter E39 Rear Right,WINDOW LIFTER E39 REAR RIGHT SECOND HAND
Window Lifter E87 Rear Right,WINDOW LIFTER E87 REAR RIGHT SECOND HAND
Window Lifter E60 Rear Left,WINDOW LIFTER E60 REAR LEFT
Lettering,51147208557
Brace,BRACE SECOND HAND
Instrument Cluster E46,INSTRUMENT CLUSTER E46 SECOND HAND
Blower,BLOWER SECOND HAND
Master Cylinder E46,MASTER CYLINDER E46 SECOND HAND
Abs Module E46,ABS MODULE E46 SECOND HAND
Abs Module E90,ABS MODULE E90 SECOND HAND
Abs Module E70,ABS MODULE E70 SECOND HAND
Brake Booster E46,BRAKE BOOSTER E46 SECOND HAND
Gear Lever E90,GEAR LEVER E90 SECOND HAND
Ignition Coil E46,IGNITION COIL E46 SECOND HAND
Disa Valve,DISA VALVE SECOND HAND
Ignition Coil Harness M54,IGNITION COIL HARNESS M54 SECOND HAND
Ignition Coil M54 Old Type,IGNITION COIL M54 OLD TYPE SECOND HAND
Windscreen Moulding,51313415508 OE
Water Pump O-ring,11531710048
Water Pump O-ring Small,11531710055
Pressure Lip Front Right,51757188840
Pressure Lip Front Left,51757188839
Injector Nozzles N52 Complete With Rail,INJECTOR NOZZLES N52 COMPLETE WITH RAIL SECOND HAND
Injector Nozzles N42 Complete With Rail,INJECTOR NOZZLES N42 COMPLETE WITH RAIL SECOND HAND
Injector Nozzles M54 Complete With Rail,INJECTOR NOZZLES M54 COMPLETE WITH RAIL SECOND HAND
Dtg Motor,DTG MOTOR SECOND HAND
Alternator E90,ALTERNATOR E90 SECOND HAND
Alternator X6,ALTERNATOR X6 SECOND HAND
Alternator M54,ALTERNATOR M54 SECOND HAND
Alternator N52,ALTERNATOR N52 SECOND HAND
Starter N42/n46,STARTER N42/N46 SECOND HAND
Starter N52 And M54,STARTER N52 AND M54 SECOND HAND
Idle Actuator E53,IDLE ACTUATOR E53 SECOND HAND
Air Suspension Pump E70,AIR SUSPENSION PUMP E70 SECOND HAND
Throttle N52,THROTTLE N52 SECOND HAND
Throttle N63,THROTTLE N63 SECOND HAND
Throttle M43,THROTTLE M43 SECOND HAND
Throttle N42,THROTTLE N42 SECOND HAND
Power Steering Pump E70,POWER STEERING PUMP E70 SECOND HAND
Water Pump 925 E70,WATER PUMP 925 E70 SECOND HAND
Thermostat E70,THERMOSTAT E70 SECOND HAND
Power Steering Pump N52,POWER STEERING PUMP N52 SECOND HAND
Horn Low,HORN LOW SECOND HAND
Horn High,HORN HIGH SECOND HAND
Seat Belt E46,SEAT BELT E46 SECOND HAND
Ac Compressor N52,AC COMPRESSOR N52 SECOND HAND
Ac Compressor E90,AC COMPRESSOR E90 SECOND HAND
Fuel Pump E70,FUEL PUMP E70 SECOND HAND
Fuel Level Sensor E70,FUEL LEVEL SENSOR E70 SECOND HAND
Ac Filter Housing E90 Complete,AC FILTER HOUSING E90 COMPLETE SECOND HAND
Front Drive Shaft E70,FRONT DRIVE SHAFT E70 SECOND HAND
Front Knuckles E70,FRONT KNUCKLES E70 SECOND HAND
Water Pump N63,WATER PUMP N63 SECOND HAND
Turbo N63,TURBO N63 SECOND HAND
Ac Compressor N63,AC COMPRESSOR N63 SECOND HAND
Vanous M54,VANOUS M54 SECOND HAND
Front Brake Caliper E70,FRONT BRAKE CALIPER E70 SECOND HAND
Fuse Box E90,FUSE BOX E90 SECOND HAND
Dashboard Screen E70,DASHBOARD SCREEN E70 SECOND HAND
Cd Magazine E53,CD MAGAZINE E53 SECOND HAND
Mercedes C200 Radiator With Cooler,MERCEDES C200 RADIATOR WITH COOLER SECOND HAND
Condenser E90,CONDENSER E90 SECOND HAND
Vw Bumper Chrome,VW BUMPER CHROME SECOND HAND
Ac Condensor E46,AC CONDENSOR E46 SECOND HAND
Indicator Light E46 (yellow),INDICATOR LIGHT E46 (YELLOW) SECOND HAND
Transfer Case,TRANSFER CASE SECOND HAND
Diff,DIFF SECOND HAND
Vw Front Center Bumper Grill,VW FRONT CENTER BUMPER GRILL SECOND HAND
Valve Tronic Motor N52,VALVE TRONIC MOTOR N52 SECOND HAND
Rear Shocks E46,REAR SHOCKS E46 SECOND HAND
Air Flow Sensor E46,AIR FLOW SENSOR E46 SECOND HAND
Engine Mounting X6,ENGINE MOUNTING X6 SECOND HAND
Ac Fan,AC FAN E46 SECOND HAND
Radiator Fan E46,RADIATOR FAN E46 SECOND HAND
Radiator Fan E87,RADIATOR FAN E87 SECOND HAND
Radiator Fan E60,RADIATOR FAN E60 SECOND HAND
Radiator Fan E70,RADIATOR FAN E70 SECOND HAND
Radiator Fan E90,RADIATOR FAN E90 SECOND HAND
Cd Changer E90,CD CHANGER E90 SECOND HAND
Cd Changer E53,CD CHANGER E53 SECOND HAND
Radio E90,RADIO E90 SECOND HAND
Radio E53,RADIO E53 SECOND HAND
Radio E60,RADIO E60 SECOND HAND
Ac Module Panel E53,AC MODULE PANEL E53 SECOND HAND
Radio E70,RADIO E70 SECOND HAND
Frm E91,FRM E91 SECOND HAND
Frm E70,FRM E70 SECOND HAND
Radio Mercedes W204,RADIO MERCEDES W204 SECOND HAND
Dme E90,DME E90 SECOND HAND
Dme E70,DME E70 SECOND HAND
Cas E90,CAS E90 SECOND HAND
Dme E46,DME E46 SECOND HAND
Ehc Control Unit E70,EHC CONTROL UNIT E70 SECOND HAND
Ehc Control Unit E53,EHC CONTROL UNIT E53 SECOND HAND
Pdc Module E39,PDC MODULE E39 SECOND HAND
Ews Module E46,EWS MODULE E46 SECOND HAND
X3 Xenon Module,X3 XENON MODULE SECOND HAND
Bluetooth Module E70,BLUETOOTH MODULE E70 SECOND HAND
Head Light Switch E46,HEAD LIGHT SWITCH E46 SECOND HAND
Window Switch E53,WINDOW SWITCH E53 SECOND HAND
Amplifier E70,AMPLIFIER E70 SECOND HAND
Steering Wheel Airbag E53,STEERING WHEEL AIRBAG E53 SECOND HAND
Vvt Module X5,VVT MODULE X5 SECOND HAND
Vvt Module E46,VVT MODULE E46 SECOND HAND
Vvt Module E60,VVT MODULE E60 SECOND HAND
Cd Magazine,CD MAGAZINE SECOND HAND
Bluetooth Module E66,BLUETOOTH MODULE E66 SECOND HAND
Bluetooth Module E90,BLUETOOTH MODULE E90 SECOND HAND
Ac Control Panel E70,AC CONTROL PANEL E70 SECOND HAND
Airbags E46,AIRBAGS E46 SECOND HAND
Airbag Module Mercedes W204,AIRBAG MODULE MERCEDES W204 SECOND HAND
Radio Ccc E90,RADIO CCC E90 SECOND HAND
Intercooler,17517823570
Fuel Pump,16126756157 BOSCH
Front Brake Discs,34116864060 TEXTAR
Front Right Door Carrier,FRONT RIGHT DOOR CARRIER SECOND HAND
Rear Left Door Carrier,REAR LEFT DOOR CARRIER SECOND HAND
Front Right Door Handle,FRONT RIGHT DOOR HANDLE SECOND HAND
Rear Left Door Handle,REAR LEFT DOOR HANDLE SECOND HAND
Lock Barrel,LOCK BARREL SECOND HAND
Bumper Grills,BUMPER GRILLS SECOND HAND
Rear Brake Discs,34216855002 TEXTAR
Drive Shaft,32306758076
Sleep/steering Ring Second Hand,SLEEP/STEERING RING SECOND HAND
Ignition Coil Second Hand,IGNITION COIL SECOND HAND
Control Arm,31126851691 LMI
Control Arm,31126851692 LMI
Fuel Gauge,16117170090 VDO
Front Brake Pads,34116761278 OE
Gearbox Oil(dexron Iv),83222167718 OE
Vent Pipe,17128651298 OE
Spring Pads,33536764420 OE
Guide Support Lower,33526776557 OE
Additional Dampers,34336776143 OE
Heater Hose,64216928591 OE
Air Duct,13717604033 OE
Ac Compressor,64509121758
Air Filter,036 126 620H MAHLE
Alternator,12317501690
Front Abs Sensor,WHT 005 651A OE - Front
Floor Mats,51472311059 OE
Floor Mats,51472336599 OE
Hose Pipe,17127531579 FEBI
Lower Arm Front Rh,48068-29265
Lower Arm Front Lh,48069-29265
Stabilizer Links,48820-44020
Bar Bush,48815-28170
Lower Arm Rh,4F0 407 694H
Magnet,A 271 051 01 77
Gasket,271 016 09 21
Oil Filter,03H 115 561/562
Front Brake Pads,A 008 420 53 20
Oxygen Sensor,11787570760
Oxygen Sensor,11787557758 OE
Oxygen Sensor,11787577666
Oxygen Sensor,11787577667
Control Unit Xenon,63126937223
Fan Cover,17111439108 OE
Radiator Fan,11521712058 OE
Front Abs Sensor,34526869292 OE
Valve,13517787186
Front Shocks,37116795535 OE
Front Shocks,37116795536 OE
Tyre Runflat,275/40 R20
Tyre - Conti Runflat,255/55 R18
Tyre Normal,285/45 R19 - NORMAL
Camshaft Adjestor,11367583207
Camshaft Adjestor,11367583208
Air Springs,37126795013 OE
Front Shocks,48510 80341 KYB
Front Shocks,48520 80112 KYB
Front Brake Pads,04465 YZZR3
Drive Belt,90919 02556
Bar Bush,48815 44030
Rear Shocks,48531 80754 KYB
Front Brake Pads,7E0 698 151C
Oil Filter,03N 115 562 OE
Front Differential,FRONT DIFF S/H
Pump Pulley M50 Oem,32421740858
Rear Abs  Sensor,34526869293 OE
Boot Shocks,51247332695 OE
Oil Filter,06J 115 403C MANN
Front Brake Sensor,34356792561
Oil Filter,15208-65F0A
Engine Oil Cooler,11427788462 OE
Window Lifter,1K4 837 462B OE
Vent Pipe,17127578405 OE
Wheel Bolt,36136781153 OE
Bulb,H4 BULB
Rear Brake Pads,90411-JX50B
Water Pump,11517509985 FEBI
Spark Plugs,A 004 159 79 03 OE
Oil Filter,A 270 180 01 09 OE
Micro Filter,166 830 02 18 HENGST
Front Shocks,334319 KYB
Front Brake Sensor,A 274
Remote Batteries,CR2025
Remote Batteries,CR2032
Remote Batteries,CR2450
Remote Batteries,CR2016
Engine Mount Bracket,22111097000
Airmatic Pump,37206875177 OE
Engine Mounting Toyota,12305-37050
Front Shocks,335068 TOYOTA
Front Shocks,335069 TOYOTA
Front Brake Pads,8K0 698 151F
Wheel Hub,31206876840 FEBI
Wishbone,31126852991 LMI
Wishbone,31126852992 LMI
Subframe Bush,4F0 399 419 E
Support Subframe Oe,4F0 399 541 C
Spark Plugs,06H 905 601A NGK
Front Wiper Blades,A 212 820 20 00
Level Sensor,37146870200 OE
Cover,51717143849 OE
Cover,51717143850 OE
Control Arm,31102348046 LMI
Control Arm,31102348047 LMI
Control Arm,31122347951 LMI
Control Arm,31122347952 LMI
Tyre Continental,225/55 R17
Front Wiper Blades,A 203 820 21 45
Engine Mounting Toyota,12372-37031
Bearing Bracket,27069
Bearing Bracket,27071
Rubber Mounting,24390
Boot Shocks E90,51247250308 STABILUS
Ball Joint,1K0 407 366C OE
Oil Drain Plug,15374
Timing Cover Gasket,03C 109 287A
Front Shocks,333455 TOYOTA
Front Shocks,333456 TOYOTA
Ribbed V-belt,90916-02705 OE
Air Pump,000 140 46 85
Rear Brake Pads,A 008 420 5320
Oil Filter,OPB115466
Air Filter,95811013000 PORSCHE
Ac Filter,95857221901 OE
Spark Plugs,99917022890
Rear Brake Pads,34216850569
Rear Brake Sensor,34356792292
Top Cover Gasket,M-BENZ A271
Tensioner Cap,TENSIONER CAP
Radiator,A271
Oil Separater,11157567801
Oil Filter,04152-38020
Spark Plugs,90919-01191
Air Filter,17801-38030 TOYOTA
Ac Filter,87139-30040 TOYOTA
Spring Pads,31306791712 OE
Front Abs Sensor,WHT 003 856B
Bumper Sponge,51117200743 OE
Tie Rods,32106778548 OE
Oil Pan,11137796325
Catalic Converter,18307577798/99
Bumper,51112993566 OE
Spoiler,51112990186
Headlight,63112993493/494 OE
Fog Lamp,63172993526
Belt Timing,1356859095
Idler Sub-assy,1350550030
Tensioner Assy,1354050030
Water Pump,1610059276
Front Shocks,37116797026 OE
Stoneguard,B51717290160
Hl Bracket,51642990180
Air Filter,MZ690445
Oil Filter,MZ690115
Disignation,51147368425 OE
Ac Filter,AC3507C
Supply Hose,17127519255 OE
Dipstick Seal,11431740045 OE
Front Brake Discs,34116864906
Rear Brake Discs,34216864061
Water Flange,06B121132E
Vacuum Pump,8E0 927 317H
Radiator,8E0 121 251L
Top Radiator Hose,11537500733 OE
Idler Sub-assy,1350350011
Coolant,0888980089 TOYOTA
Radiator Cap,V8
Hose Pipe,17127519247
Boot Emblem,51148219237 OE
Solenoid Valve,11368605123 OE
Slide Rail,11317542837
Slide Rail,11317516093
Ribbed V-belt,6PK 2404 CONTINENTAL
Gearbox Mounting,A 221 240 09 18
Engine Mounting,A 221 240 11 17
Water Pump,06H 121 026 DD
Stabilizer Links,7L0 411 317 LMI
Bar Bush,7L0 411 313G LMI
Belt Tensioner,022 145 299E
Connector,06D 121 101B
Flange,06D 121 132C
Heater Hose,4F2 819 371K
Heater Hose,4F0 819 373T
Oil Pressure Switch,252404M4
Flushing Oil,FLUSHING OIL-MERC
Rear Brake Pads,04466-44010G
Bearings N42,CR4528SM
Thermostat,4L0 389 103D
Oil Cooler,17117533477
Water Pipe,109626756
Parking Light Bulb,63126916097 OE
Crankshaft Sensor,078 906 433B
Fuel Filter,7N0 127 177B OE
Additional Dampers,6Q0 512 131B OE
Front Shocks,31316874367 BOGE
Expansion Tank,8E0 121 403
Ac Compressor,958 358 903 00 OE
Axle Oil G1,83222295532 OE
Side Maker,63147187087 OE
Side Maker,63147187088 OE
Injector Nozzle,13647597870
Battery Vw,BATTERY VW 66AH
Water Hose,11537603514 OE
Hyd Element,11337548690
Hyd Element,11337605330
Protection Plate,51757213662
Air Duct,51747210476 OE
Wheel Arch,51777210081
Bracket,51747210485
Front Wiper Blades,61610038893 OE
Washer Cover,51657199141 OE
Thermostat,11538635689 OE
Reflector,63147162217
 Bumper Reflector,63147179992 OE
Front Brake Pads,A 003 420 25 20
Rear Brake Pads Merc,004 420 52 20
Front Shocks,31316851333 BOGE
Front Shocks,31316851334 BOGE
Steering Reservoir Cap,32416851332
Calliper Clips,34216758059 OE
Calliper Clips,34216735963 OE
Front Brake Pads,34116858910 TEX
Rear Brake Pads,34216873093 TEX
Front Brake Sensor,34356792289
Rubber,17111712911 OE
Hose Pipe,11537639997
Engine Mounting,22117935149 OE
Front Brake Sensor,34356764298
Oxygen Sensor E90,SECOND HAND
Front Crankshaft Seal,11117511395 OE
Coolant Hose,11537585023 OE
Bumper,2048852625
Axle Oil G2,83222413511 OE
Calliper Clips,34116750159 OE
Front Wiper Blades,61627198558
Circlip,07129904492 OE
Mirror Frame,51162993776
Bracket,64509240651
Washer Nozzle,61672990155
Washer Jet Cover,51112993585 OE
Radiator,17118623366 OE
Fan Shroud,17427560768
Hose Pipe,17127646154
Air Duct,17117593851 OE
Crank Pulley,11237805696
Washer Cover,51647199142 OE
Washer Cover,51118052110 OE
Washer Jet Cover,51122452510 OE
Wishbone,31126787669 LMI
Wishbone,31126787670 LMI
Control Arm Bushes,31106786951 OE
Ball Joints,31106787665 OE
Stabilizer Links,31306787163 LMI
Stabilizer Links,31306787164 LMI
Boot Switch,51247118158 OE
Diesel Filter,16126765756 HENGST
Engine Sump Gasket,11137627512 OE
Radiator Holder,17111436251
Oil Filter,15208AA100
Air Filter,16546AA020
AC Filter,728805A000
Spark Plugs,22401AA570
Fuel Filter,42072AA011
Regulator,12317515811
Probat M.f Battery,DIN 72L(SS)PROBAT
Front Brake Pads,MERC E300
Front Shocks,37116797025 OE
Ac Filter,6Q0 820 367B
Fuel Filter,6Q0 201 051H
Sump Guard E90,51757129341 OE
Oil Filter Housing Gasket,11428643758
Airmass Sensor,13627566986 BOSCH
Lock Nut,001 990 17 07
Bracket,13647595405
Spark Plugs,12122158165 OE
Oil Filter,11427622446 OE
Air Filter,13717534825 OE
Metal Rivets,A 004 990 28 97
Engine Breather,11127799225 OE
Top Cover Gasket,11129070990 OE
Vibration Damper,11237800026 OE
Adjusting Pulley,11281433571 INA - Adjusting
Belt Tensioner,11287545296
Ac Belt,4PK 869 OE
Ribbed V-belt,5PK 2063 CONTINENTAL
Ribbed V-belt,5PK 2020 CONTINENTAL
Vent Pipe,11617540610 OE
Breather Hose,11617563477 OE
Charge Airline,11617807985 OE
Charge Airline,11617807986 OE
Atf Merc Mb236,A 000 989 68 05 11
Stabilizer Links,31356859652 OE
Starter Motor,12412354693 OE
Injector Nozzle,13537506158 OE
Double Temperature Switch,13621703993 OE
Fuel Level Sensor,16116763830 OE
Fuel Gauge,16117195469 OE
Fuel Pump,16117195473 OE
Fuel Pump,16117197076 OE
Fuel Pump,16117314804 OE
Thermostat,17111464985
Vibration Damper,11237800026 FEBI
Engine Mounting,22116856183 LMI
Circlip,31106757145 OE
Ignition Coil,12137638477 OE
Drive Shaft Boot,31607565316 OE
Steering Shaft,32306761570
Steering Joint,32306761571
Stabilizer Links,33503414297 LMI
Front Brake Pads,34106859181 TEX
Front Brake Pads,34116799166 OE
Bumper Grill,51117210725 OE
Bumper Grill,51117210726 OE
Kidney Grille,51137077129
Spring Pads,31336860788 OE
Bonnet Shocks E46,51238202688 STABILUS
Boot Shocks,51242990136 OE
Boot Shocks,51247211289 OE
Front Wiper Blades,A 204 820 23 00
Rear Wiper Blade,A 169 820 17 45
Windscreen,51317152754
Window Lifter,51337166380 OE
Window Lifter,51337197301 OE
Window Lifter,51337197302 OE
Lever,51437148523
High Horn,61338379712 OE
Plug-in Socket,61346973037
Spray Nozzle,61667183343
Headlight,63117276993 OE
Headlight,63117276994 OE
Control Unit,63117356250 OE
Bulb Socket,63216943037 OE
Bulb,63217160786 OE
Heater Inlet Hose,64218381224 OE
Engine Inlet Hose,64218381387 OE
Washer Pump,67637217792
Washer Pump,67637340773
Power Steering Pump,SA021 - SGS
Flange,298888624
Gearbox Filler Neck,A 140 270 00 91
Engine Dipstick Cap,A 646 010 00 35
Vacuum Pipes,A 271 018 12 82
Vacuum Valve,301018F
Spark Plugs,101 905 617 OE
Fuel Filter,1K0 201 051K MANN
Winshield,51317192984
Front Shocks,31316796315 BOGE
Front Shocks,31316796316 BOGE
Bumper Cover,51128244440 OE
Airmass Sensor,13627566989
Door Carrier,61228243636 OE
Oil Filter,11428570590 OE
Cover,A 211 727 01 48
Wheel Cover,51717213641
Oxygen Sensor,1K0 998 262D
Grille,64316942617 OE
Grille,64316942618 OE
Spark Plugs,A 004 159 18 03 26 OE
Micro Filter,164 830 02 18 HENGST
Ribbed V-belt,6PK 2418 CONTINENTAL
Rear Wiper Blade,61622588277 OE
High Pressure Pump,13517616170
Pressure Converter,11747628987
Switch,4F0 959 855A
Spark Plugs,101 905 601F OE
Oil Filter,071 115 562C MAHLE
Headlight,63117276998
Front Wiper Blades,61610032743 OE
Belt Tensioner,271 200 02 70
Alternator Pulley,271 155 01 15
Front Brake Pads,5N0 698 151
Rear Brake Pads,3AA 698 451A
Door Carrier,51228243635 OE
Expansion Tank,17138616418 OE
Rear Brake Sensor,7PO 907 637T
Additional Dampers,31336793148 OE
Air Filter,111291755
Air Filter,1500A190
Rear Brake Pads,MR510544
Spark Plugs,03F 905 600A OE
Fuel Filter,7P6 127 177H OE
Tail Light,63217289425/426 DEPO
Ac Filter,212 830 03 18 HENGST
Ignition Coil,221504471
Valve Tyre,36106876673
Switch,64539323658
Engine Sump Gasket,11137802669 OE
Control Arm,31126774831 LMI
Wishbone,31122347983 OE
Wishbone,31122347984 OE
Stabilizer Links,31306781545 LMI
Stabilizer Links,31306781546 LMI
Front Wiper Blades,61610442837 OE
Cover,51128268369/370 OE
Heater Hose,4F0 819 375B
Coolant Pipe,06B 121 070H
Bonnet Opener,8E2 823 533B OE
Drive Belt,06J 260 849D
Bar Bush,31351097021 OE
Fuel Pump,16116755043 OE
Chain Tensioner,11317592877 OE
Slide Rail,11317592850 OE
Battery- Prado,555211/65AMPS
Wheel Bearing,33416764180 OE
Prime Battery,582554/85AH
Air Filter,651 094 00 04 MAHLE
Diesel Filter,A 642 090 60 52 HENGST
Front Brake Pads,A 005 420 08 20 - Front
Air Filter,03C 129 620B OE
Front Brake Pads,8E0 698 151G
Oil Filter,03C 115 562A HENGST
Ball Joints,33313418342 LMI
Front Shocks,31316786531 BOGE
Front Shocks,31316786532 BOGE
Rubber Mounting,33321092247
Rear Rubber Mounting,33326770786 LMI
Control Arm Bushes,33321136311 LMI
Washer Cover,51118048679
Cover,51117246869 OE
Cover,51117246870 OE
Fuel Gauge,16116762044 OE
Hose Pipe,17127531579 OE
Thermostat Housing,110 351 755
Battery Merc,A 211 541 00 01
Battery E46,569553/ 66AH
Prime Battery,589556/100AH
Oxygen Sensor,11787535269 OE
Nozzle Cover,51128052112
Ignition Coil,12137575010 OE
Rear Brakepads,1K0 698 451G
Window Lifter,51357140589 OE
Gearbox Mounting,22316773125 LMI
Expansion Tank,6Q0 121 407B
Front Brake Pads,A 005 420 42 20
Rear Brake Pads,A 005 420 08 20 - Rear
Wishbone,31122347983/984 LMI
Main Fuse Bf1,916 704 80 50
Wheel Bearing,33416795961 FEBI
Inner Driveshaft Boot,4E0 498 201
Upper Arm Fr Rh,4E0407506E
Upper Arm Rh,4E0407510E
Pressure Sensor,12617592532 OE
Shock Mounting,31306852158 OE
Oxygen Sensor,11787589121 OE
Oxygen Sensor,11787589122 OE
Right Recessed Grip,51417225874
Expansion Tank,17137642158 OE
Bulb Holder,63218355883 OE
Battery,58000/80AH
Front Brake Sensor,34356778037
Rear Brake Sensor,34356778038
Thermostat,A 272 200 04 15
Oil Filter,LLR011279
Air Filter,LLR011593
Ac Filter,LLR036369 OE
Shock Mounting,33506787178 OE
Solenoid Valve,11368610388 OE
Top Cover Gasket,11127582400 OE
Water Pump,11517648827 OE
Top Cover Gasket,11127588418 OE
Rear Brake Sensor,34356791962 OE
Front Wiper Blades,61618403036 BOSCH
Front Shocks,31311096271 BOGE
Front Shocks,31311096272 BOGE
Hood Star Emblem,A 221 880 00 86
Tie Rods,1K0 423 811K
Tie Rods,1K0 423 810A
Rear Brake Pads,34216796741 OE
Switch Rear Lid,TY84840-21010
Oil Filter,04152-38010
Air Filter,17801-50040 TOYOTA
Fuel Filter,23300-31100
Ac Filter,87139-28010 TOYOTA
Rear Brake Pads,04466-60080
Steering Pipe,32411096345 OE
Classification Resistor,27107557345 OE
Deflection Pulley,11287799859 OE
Front Brake Pads,34116778320
Front Brake Sensor,34356792572
Rear Brake Pads,34216775327
Rear Brake Sensor,34356792573
Shock Mounting,31306772749
Sunction Pipe,11417500328 OE
Capless Bulb(large),W16W OSRAM
Vanous Seals,11367548459 OE
Bumper Reflector,63257352210 OE
Control Arm,31126775971 LMI
Control Arm,31126775972 LMI
Wishbone,31126794203 LMI
Wishbone,31126794204 LMI
Air Valve,22316773125 PORSCHE
Head Light Switch,204 905 33 04
Expansion Tank,17138614293 OE
Thermostat,11538635689 BEHR
Ac Condenser,64509391489
Mirror Cover,51167002320
Panneling,51713401812 OE
Oxygen Sensor,11787595353
Oxygen Sensor,11787599942
Oxygen Sensor,11787530282
Handbrake Cable,34416751843
Vent Pipe,11127809513
Windscreen,51313402147
Oil Filter,11428508969 MAHLE
Top Cover Gasket,11127587804 ELRING
Front Coil Springs,31336767367 BILSTEIN
Air Duct,13717599226 OE
Tyre Continental,245/45R19
Additional Dampers,33536857730 OE
Filler Neck Washer Tank,4L0 955 462A
Front Shocks,37116796925 OE
Front Shocks,37116796926 OE
Front Shocks,37126796929 OE
Front Shocks,37126796930 OE
Vitaflush Intensive Polymer Can,VITA FLUSH
Door Hundle Support,4L0 839 886H
Rear Coil Springs,33536767340 BILSTEN
Ribbed V-belt,7PK 2035 CONTINENTAL
Engine Mounting,22116761089 LMI
Engine Mounting,22116761090 LMI
Ignition Coil,A 000 150 25 80
Fan Clutch,11527505302 SACHS
Tail Light,63217227789 MM
Tail Light,63217227790 MM
Rear Crankshaft Seal,11117568263 OE
Spark Plugs,101 905 621 OE
Ball Joints,1K0 407 365/366C LMI
Driveshaft Boot,31607545108 FEBI
Ignition Coil,06E 905 115E
Thermostat,11537600584 OE
Rear Shocks,33526796317 SACHS
Front Brake Pads,34116794916 TEX
Window Mechanism,51357282135 OE
Fuel Pump,211 470 41 94
Spark Plugs,LLR032080
Ball Joints,31126768988 OE
Front Wiper Blades,LLR076848 OE
Front Wiper Blades,LLR033023 OE
Door Handle Support,4L0 839 868H
Stabilizer Bar,31306869290
Prime Battery,543552/55AH
Wheel Bearings,7L0 498 287
Water Pump,11517586779 OE
Voltage Regulator,12317559183
Parking Light Bulb,63126904048 HELLA
Ignition Coil,036 905 715H
Ac Compressor,64529185147
Breather Hose,A 211 501 06 25 65
Bumper Reflector,63147187220 OE
Rear Brake Pads,A 007 420 77 20
Oil Filter,A 276 180 00 09 OE
Air Filter,A 276 094 00 04 OE
Ribbed V-belt,036 145 933A OE
Front Brake Pads,34116761252 TEX
Front Brake Pads,34116852253 TEX
Front Brake Pads,TY04465-42200
Rear Brake Pads,TY04466-44010
Mirror Light Rh,8K0 949 102D
Spraying Jet Rr Wiper,7P5 955 985
Wiper Arm Cover,8K9 955 205
Mirror Cover Lh,8R0 857 527
Mirror Light Lh,4L0 949 101C
Additional Dampers,33536767335 OE
Stabilizer Bar,20451SA000
Switch,83071SA160
Covering,51476955025 OE
Covering,51476955026 OE
Inner Driveshaft Boot,31607545107 FEBI
Rear Bumper,51127384334
Bracket,51127294721
Bracket,51127294389
Coolant Pipe,17127596832 OE
Air Intake Tube,13717605638 OE
Front Brake Pads,34106859182 TEX
Control Arm Lower,4F0 407 151A
Control Arm Lower Rh,4F0 407 694B
Rear Shocks,513HY0060
Rear Brake Pads,646KI0092
Front Brake Pads,642KI0020
Brake Caliper Guide Bolt,K582221H000
Brake Caliper Guide Bolt Bellow,K581641H000
Engine Sump Gasket,11130149329 ELRING
Air Filter,A 646 094 01 04 MAHLE
Diesel Filter,A 942 501 10 01
Front Brake Pads,A 003 420 65 20
Rear Brake Pads,A 000 423 02 30
Air Filter,13718511668 HENGST
Air Filter,13717503141 OE
Control Arm Bushes,31126768818 OE
Control Unit,204 900 67 09
Cable,204 440 37 13
Belt Tensioner,646 200 00 70
Stabilizer Bar,A211 323 28 65
Stabilizer Links,A211 320 39 89
Wishbone,A 211 330 92 07 LMI
Control Arm,A211 330 44 11
Injector Nozzle,13537589048 OE
Head Restraint,52109176091 OE
Oxygen Sensor,11787569968 OE
Oxygen Sensor,11787570104 OE
Eccentric Shaft,11377589883 OE
Neddle Bearings,11377615379
Oil Filter,A 266 180 00 09
Air Filter,A266 094 00 04
Ac Filter,A 012 320 00 29
Spark Plugs,A 004 159 36 03 OE
Temperature Sensor,13621433076 OE
Driveshaft boot,43448-0K020
Control Arm Bushes,48655-60030
Control Arm Bushes,48654-60030
Top Cover Gasket,11213-75041
Oil Filter,LLR096524
Air Filter,LLR029078
Ac Filter,LLR056138
Intake Seals,11612246945
Profile Gaskets,11617790198
Rear Cranshaft Seal,11117511396 ELRING
Spark Plugs,LLR123892
Ball Joints,33306852895
Ac Belt,4PK 830 CONTINENTAL
Rear Brake Pads,34216788183 TEX
Wheel Rim,BMW
Tail Light Rh,4F5 945 094E
Front Brake Pads,34116850885 TEX
Screw Plug,11137535106
Front Brake Pads,A 007 420 75 20 64
Deflection Pulley,11281440378 FBI
Wishbone,31122405863 LMI
Abs Sensor,34526762465 OE
Height Sensor,7L0 616 213D
Radiator,17117585440 BEHR
Control Arm,A 211 330 44 11
Control Arm,A 211 330 43 11
Wishbone,A 211 330 91 07 LMI
Front Shocks,A 211 323 91 00
Spark Plugs,101 905 620 OE
Front Wiper Blades,1Q2 998 002
Rear Brake Sensor,7L0 907 637C
Front Brake Sensor,7L0 907 637
Front Brake Pads,7L0 698 151R
Valve Breather,06A145710P
Connector,06H 121 131C
Valve Pressure,06A129101D
Calliper Clips,4F0 615 269
Ribbed V-belt,8PK 1478/1480 CONTINENTAL
Ac Compressor,64526916232
Deflection Pulley,A 651 200 03 70
Radiator Cap,A 210 501 06 15
Door Winder,51337281886
Protection Tube,31331094749
Rear Shocks,A 211 326 03 00
Bush,A 115 260 03 53
Front Brake Pads,LR004936
Rear Brake Pads,LR043714
Front Shocks,31326781917 OE
Front Brake Pads,7L0 698 151J
Rear Brake Pads,7L0 698 451B
Air Filter,1F0 129 620 MANN
Charge Air Line,11617799395 OE
Lock Cylinder,A 126 460 06 04
Power Steering Pump Cover,32411096499
Water Hose,17127511204 OE
Door Carrier,51218243616 FEBI
Oil Filter,11421716192 OE
Ac Filter,64319171858 OE
Oil Filter,11427788460 OE
Ac Filter,64319312317 OE
Air Filter,13717582908 OE
Ac Filter,64119237554 OE
Air Filter,13717532754 OE
Oil Filter,11427635557 OE
Air Filter,13718507320 OE
Oil Filter,11427640862 OE
Diesel Filter,13327811227 OE
Air Filter,13717601868 OE
Air Filter,13717590597 OE
Tyre,225/45 R18 BRIDGESTONE
Air Filter,A 273 094 04 04 HENGST
Rear Brake Pads Oe,A 007 420 10 20 41
Spark Plugs,A 003 159 94 03 OE
Rear Crankshaft Seal,11147794168 OE
Oil Pressure Switch,12618611273 OE
Front Crankshaft Seal,11117511395 ELRING
Gear Sump,24152333907 OE
Top Cover Gasket,11120032224 OE
Water Hose,11537500735
Crankshaft Seal,11142249532 OE
Rear Crankshaft Seal,11142249533 ELRING
Voltage Regulator,12317540657
Cover Windshield,51717151971 OE
Thermostat,11517805811 OE
Transfer Case,E83
Center Console Complete,BMW E53
Water Pump,A 651 200 64 01
Engine Sump Gasket,A 651 014 00 80
Guide Rail,11317512519 OE
Slide Rail,11317505616
Headlight Module,BMW VALEO 6G BALLAST
Battery - Freebatt,FE20-100AH
Control Unit,61355A0BB6
Armrest Strip,51247468753
Vacuum Pipe,11657588773
Rear Shocks,56200-3S826
Front Shocks,56110-3S826
Air Filter,A6546-T3401
Oil Filter,15208-31U0B
Spark Plugs,22401-50Y06
Fuel Filter,16400-41BX0
Stopper Bolt Cap,40039-2S400
Fog Light Cover,51113423790 OE
Bulb,H7 HALOGEN
Cylinder Head Gasket,11127553209 OE
Cylinder Head Cover,11127570292 OE
Bumper Cover,51128244439 OE
Window Lifter,51337020660 OE
Filtered Air Pipe,13717597586 OE
Control Arm Bushes,31106786951 LMI
Ac Compressor,64529185142
Front Shocks,31316784018 BOGE
Rear Shocks,33526784019
Air Filter,13717568728 OE
Ac Filter,64319127516 OE
Spark Plugs,12120034098 OE
Cylinder Head-thermostat Hose,11537550062 OE
Alternator,12317801173 OE
Shock Mounting,31306852158 LMI
Fuel Pump,16117243974 BOSCH
Stabilizer Links,31356768771 LMI
Stabilizer Links,31356768772 LMI
Bush Without Bracket,1K0 407 182 LMI
Control Arm Mounting,1K0 199 231J
Control Arm Mounting,1K0 199 232J
Ball Joint,1K0 407 365C OE
Front Brake Pads,34116763352 TEX
Support Gear Mounting,4F0 399 115BA
Front Brake Pads,NS410602S790
Trim Panel,51128048132
Rear Brake Pads,34216790966 TEX
Front Shocks,31316784017 BOGE
Shock Mounting,31306795083 LMI
Front Shocks,5N0 413 031K OE
Bumper Reflector,63147217316 OE
Boot Switch,51247463161 OE
Thermostat,A 271 200 03 15
Injector Nozzle,13537792721 BOSCH
Injector Nozzle,13537808089 BOSCH
Stabilizer Links,A 212 320 11 89
Control Arm,A 212 330 28 11
Control Arm,A 212 330 27 11
Wishbone,A 212 330 40 00 LMI
Wishbone,A 212 330 39 00 LMI
Battery-fulmen,DIN 80
Ball Joints,A 212 330 01 35
Gearbox Mounting,A 212 240 04 18
Engine Mounting,A 204 240 42 17
Thermostat,A 646 200 07 15
Water Pump,A 013 026 00 18
Hose Pipe,A 211 501 10 82
Fuel Pump,16117195471 OE
Crankcase Vent Valve,A 272 010 06 31
Boot Lock Actuator,5M0 827 505H
Dicky Lock,8P4 827 505D
Cable Seat Adjust,4L0 883 257C
Air Tube,95835805102 PORSCHE
Oil Seal,11127507217
Oil Filter,A 271 180 05 09 HNST
Auxilliary Pump,11518616992 PIERBURG
Covering,64316945583/584 OE
Fuel Filter,5N0 919 109F
Oil Filter,90915-20004
Rear Brake Pads,04466-60160
Front Brake Pads,GDB1984
Oil Filter,A 642 180 00 09 MANN
Fuel Filter,211 470 39 94
Rear Windscreen,51317138639
Rear Spring Strut Mounting,33506771737
Bar Bush,31356788710
Front Brake Pads,A 005 420 12 20
Rear Brake Pads,A 005 420 43 20
Front Wiper Blades,LLR078303 OE
Body Clips,LLR027255
Door Lock,3D2 837 016S
Door Lock,DOOR LOCK E90
Stone Guard,MERC W211
Sump Guard,MERC 211
Hose Pipe,A 211 501 09 82
Rear Brake Pads,5K0 698 451B
Window Lifter,7L0 837 462F OE
Rear Brake Disc,34206868936 OE
Front Brake Pads,A 169 420 02 20
Oil Pan Drain Cork,N90 813 202
Engine Drain Plug,N91 167 901
Valve Seals,11340034068
Probat M.f Battery,DIN 100L(SS) PROBAT
Coolant Hose,11537521049 FEBI
Tail Light,42-3832
Front Brake Discs,34116793244
Washer Jet Cover,51117347666 OE
Rubber Mounting,18307802829 OE
Front Wiper Blades,A 601 320 00 30
Shock Mounting,31336788776 LMI
Ball Joints,A 000 330 10 07
Tie Rods,A 211 330 28 03
Rack End,A 230 338 00 15
Brake Light Switch,6Q0 945 511 OE
Engine Mounting,6Q0 199 167
Ball Joints,109 134 586
Ball Joints,109 135 586
Tie Rods,6Q0 423 803/804B
Control Arm Mount,6Q0 407 151L
Control Arm Bushes,6Q0 407 183A
Vacuum Seal,11667566483 OE
Dipstick,11437600470 OE
Ac Filter,64119272643 HENGST
Starter,12417618502
Sealant,83190404517
Stabilizer Links,5Q0 411 315B
Bulb Holder,63217954459 OE
Roof Mechanism,54107130990
Roof Mechanism,54103454098
Roof Mechanism,54107199478
Repair Kit,11312448929
Mirror Glass,5N0 857 522C
Bumper Reflector,5N0 945 106
Pannelling,51717180744 OE
Airmass Sensor,13627551836
Cover Bolts,07119906086 OE
Head Thermostat Hose,11537544638 OE
Towing Cover,51127158447
Engine Mounting,22116793016 OE
Rear Coil Springs,33536768251
Ignition Switch,61319291692
Headlight,63117287013/014
Stabilizer Links,A 212 330 12 89
Tie Rods,A 212 330 81 00
Rack End,A 212 330 21 03
Tie Rods,A 212 330 82 00
Probat M.f Battery,DIN 84L (SS)
Fuel Filter,7L0 919 679
Towing Cover,51123423778
Engine Oil,CASTROL 5W-30
Rear Wiper Blade,61617241986 OE
Rear Brake Pads,34216763043 OE
Oil Pan,11128573880
Gearbox Sump Guard,51757241830 OE
Thermostat,11537586783 OE
Towing Cover,51127308815
Towing Cover,51127303816
Vent Pipe,8K0 121 081B
Rear Brake Disc,34213332217
Bumper Pannelling,A 166 880 44 40
Front Wiper Blades,61612219148 OE
Rear Trunk Light,63217295339 DEPO
Rear Trunk Light,63217295340 DEPO
Rear Trunk Light,63217295339 OE
Rear Trunk Light,63217295340 OE
Oil Pan,03C 103 603T
Rear Light Lh,95863109504
Dicky Shock,95851285106 PORSCHE
Washer Tank Cap,3Q0 955 455
Bonnet Shocks,95851135900 PORSCHE
Gearbox Mounting,22316850468 OE
Steering Rubber Boot,32106779622
Rear Brake Pads,7P0 698 451A
Ball Joint,3C0 407 365B OE
Ball Joint,3C0 407 366B OE
Bush With Bracket,3C0 199 231E LMI
Bush Without Bracket,1K0 407 182F LMI
Hose Pipe,11618515639
Radiator F25,17118623369 OE
Bar Bush,31356763267 FEBI
Oxygen Sensor,11783413464 OE
Gear Sump,24118612901 ZF
Stabilizer Links,33556857626 LMI
Water Pump Pulley,11511436590 FEBI
Front Wiper Blades,5N2 998 002
Control Arm Mount,6Q0 407 182A
Control Arm Bushes,1KO 407 183E
Driveshaft boot,1K0 498 203
Ball Joints,6Q0 407 365/366A
Bluetooth Cable,84109142092
Bluetooth Antenna,84109230125
Blind Plug,17122754235 OE
Floor Mats,51472286002 OE
Clutch Kit,21207625149
Expansion Tank,17137647713 FEBI
Cap With Shaft Seal,11147787262
Shaft Seal,11117587168
Towing Cover,51127845543 OE
Bar Bush,7L8 411 313B OE
Gearbox  Filter,0BH 325 183B
Seal Gear Filter,N91 084 501
Atf Oil Spl,G 052182 A2 OE
Ac Compressor,64526956715
Rear Coil Springs,33536767338
Deflection Pulley,11287800562 INA
Oil Filter Housing,A 271 180 03 38
Water Connection Flange,06J 121 132G OE
Water Flange,1K0 122 291C
Air Filter,13717548888 HENGST
Ac Belt,5PK 950 CONTINENTAL
Air Filter,13721736675 OE
Rear Brake Pads,34216776937 TEX
Relay,61369198302
Relay,61367661503
Wheel Bearings,31203450600 OE
Gearbox Adapter,24347588724 OE
Oil Filter,11427511161 OE
Calliper Clips,34216753675 OE
Profile Gasket,11537603223 OE
Ac Filter,1K1 819 653B OE
Ribbed V-belt,7DPK 1884 CONTINENTAL
Headlight,63117401133 OE
Ac Filter,211 830 00 18 OE
Airmass Sensor,13627551638 OE
Bumper Form,51117338525 OE
Oil Filter,06J 115 403C OE
Air Filter,8R0 133 843K OE
Fuel Pump,7L6 919 087G
Engine Oil Sump,11137818512 OE
Battery Fulmen,FB950 - 88/100 95AH
Engine Mounting,A 204 240 43 17
Ignition Coil,07K 905 715G OE
Oil Filter,06D 115 562 HNST
Air Mass Sensor,13627566983
Ac Belt,4PK 824 CONTINENTAL
Air Filter,A 270 094 00 04 OE
Air Filter,A 274 094 01 04 OE
Spark Plugs,A 004 159 75 03 OE
Ac Filter,A 246 830 00 18 OE
Oil Separator Pipe,11617533398 OE
Profile Gasket,11127555739 OE
Profile Gasket,11127555740 OE
Side Closed Grille,51117338511 OE
Spray Nozzle - Left,61677357001
Washer Jet Cover,51117338567
Bowden Cable,51237184432 OE
Radiator,17118623350 BEHR
Covering,51757160235 OE
Bonnet Shocks,7L0 823 359B
Pannelling,51718159292
Window Switch,61316951926 OE
Tyre - Pirelli,275 40 R19
Tyre - Pirelli,245 45 R19
Front Brake Pads,34116858047 OE
Rear Brake Pads,34216774692 OE
Boot Shocks,51247294199 OE
Boot Shocks,51247211289
Oil Filter,11427512300 OE
Oil Filter,11427807177 OE
Oil Filter,11427787697 OE
Air Filter,13712247444 OE
Air Filter,13721702907 OE
Air Filter,13717524412 OE
Air Filter,13717542545 MAHLE
Air Filter,13917548897 MAHLE
Air Filter,13717548898 OE
Ac Filter,64119272641/642 OE
Air Filter,13717536006 OE
Rear Top Windscreen Moulding,51317027916 OE
Abs Sensor,34526771777 OE
Engine Sump Gasket,11131432109 OE
Front Brake Pads,34116780711 OE
Radiator F25,17118623369 BEHR
Alternator,12317551253 BOSCH
Wiper Switch,7L6 953 503B
Front Wiper Blades,7L6 955 425B
Washer Pump,67128362154 FEBI
Coolant Pipe,A 271 200 23 52
Fuel Tank Valve,13907512576
Deflection Pulley,11287800562 OE
Water Jacket Plug,117 997 02 30
Cylinder Head Cover,11127646553 OE
Tie Rods,32106799960 LMI
Tie Rods,32106799965 LMI
Oil Filter,11428575211 OE
Tail Light,63217158939 DEPO
Engine Sump Gasket,11137809836 OE
Oil Cooler Seals,11421702917 OE
Drain Cork,07119905528 OE
Pannelling,51717027083 OE
Belt Tensioner,11287800334 FEBI
Air Filter,6R0 129 620A OE
Voltage Regulator,12317603775 OE
Bowden Cable,51237411315 OE
Fuel Gauge,16117297340 OE
Water Pump,03L 121 011P
Oil Filter,03C 115 561B MAHLE
Tie Rods,7L0 422 804D LMI
Battery,EXPRESS DIN 100L
Front Coil Springs,31336767366 BILSTEIN
Fog Light Cover,51113423789 OE
Front Bumper,51117172402 TWIN
Headlight E83,63123456035 MM
Headlight E83,63123456036 MM
Front Brake Pads,34113404362 BOSCH
Steering Hose,32416763980 OE
Window Switch,61316951955 OE
Headlight E71,63117287011 OE
Headlight E71,63117287012 OE
Floor Mats,51477290135 OE
Tail Light E71,63217179983 OE
Tail Light E71,63217179984 OE
Front Shocks,31316789363 SACHS
Front Shocks,31316789364 SACHS
Rear Compression Strut,33326770979/980 OE
Oil Filler Cap,11127582398 OE
Thermostat,646 200 00 15 BEHR
Thermostat,11537600586 OE
Gearbox Cooler Seals,17101439140 OE
Light Control Unit,63117248050 HELLA
Rear Shocks,33526867865/866 OE
Tail Light F25,63217217314 OE
Sump Guard E90,51757129341 TWN
Shock Mounting,31306851879 OE
Oil Filter,057 115 561L OE
Air Filter,7L0 129 620A OE
Engine Mounting,7L8 199 131A LMI
Ribbed V-belt,06J 260 849F OE
Belt Tensioner,06L 903 133D OE
Front Shocks,31316851747 OE
Rear Brake Pads,34216788275 OE
Rear Abs Sensor,34356789446
Shock Mounting,31306785962 OE
Additional Dampers,31336783090 OE
Front Brake Discs,34116854996 TEXTAR
Front Brake Pads,34116777772 OE
Washer Pump,A 164 869 04 21 OE
Air Filter,13718570043 OE
Rear Abs Sensor,WHT 005 651A OE - Rear
Air Filter,4G0 133 843K OE
Ac Filter,4H0 819 439 OE
Fuel Filter,4G0 201317B OE
Control Arm Bushes,31126768818 LMI
Rear Coil Springs,4F0 511 115B
Bonnet Shocks,3AA 823 359A OE
Oil Filter,A 276 180 00 09 MAHLE
Air Filter,A 276 094 00 04 MANN
Wheel Bearings,A 203 330 00 51 FEBI
Front Windscreen,7P6 845 099
Air Filter,1K0 129 620D HENGST
Window Lifter,4F0 839 461B OE
Rear Shocks,4F0 513 032A OE
Spark Plugs,101 000 063AA OE
Ac Filter,8E0 819 439H HENGST
Spark Plugs,A 004 159 81 03 OE
Ac Filter,A 166 830 03 18 HENGST
Micro Filter,166 830 00 18 MANN
Oil Filter,11427848321 MAHLE
Thermostat,11517805811 BEHR
Ac Compressor,64526918000 DENSO
Headlight,63117276991 MM
Headlight,63117276992 MM
Fuel Pump,16117217261 VDO
Sunction Pipe,32416763977 OE
Rear Wiper Blade,7P0 955 425C
Water Pump,11510393338 GK
Alternator Pulley,06B 903 119D OE
Seat Mat Sensor,65779196259 OE
Oil Filter,A 000 180 30 09 HENGST
Towing Cover,51117293116 OE
Window Lifter,51357140590 TWN
Crankshaft Sensor,13627582842 OE
Towing Cover,51127312748 OE
Oil Filter Sensor,124 542 00 17 OE
Dipstick,111 010 09 72 OE
Air Filter,13717526008 HENGST
Rear Wiper Blade,61627294429 OE
Injector Nozzle,13537808089 OE
Gearbox Oil,G05 502 5A2 OE
Ac Belt,4PK 820 CONTINENTAL
Side Step Module,LVPLGP0120
Shaft Bearing,26117572664 FEBI
Additional Dampers,31336787104 OE
Top Cover Gasket,156 016 24 21 OE
Top Cover Gasket,156 016 25 21 OE
Bumper Reflector,63147382233 OE
Front Brake Pads,000 420 97 20 TEX
Tyre,225/60 R17 PIRELLI R-F
Lettering,51147194185 OE
Front Wiper Blades,61612458018 OE
Window Lifter,4F0 837 461D OE
Front Bumper,4F0 807 105A OE
Exhaust Chrome,4F0 071 761
Bonnet Handle,4L2 823 533A OE
Agm Battery,948-2020090012/90AH
Expansion Tank,17137501959 OE
Mounting Plate,17111438819 OE
Wheel Bearing,31203450600 FEBI
Headlight,63127217287 MM
Headlight,63127217288 MM
Tie Rods,32106777268 LMI
Tyre,205/50 R17 PIRELLI
Tyre,225/45 R17 PIRELLI
Wheel Bearing,230 330 03 25 FEBI
Driveshaft Boot,31607620599 OE
Rear Abs Sensor,34526884421 OE
Front Brake Discs,34113400151 FEBI
Agm Battery,946-2020090013/70AH
Top Cover Gasket,11127581215 OE
Wheel Cap,1K0 601 173 OE
Control Arm Lower,8K0 407 151/152F
Upper Control Arm,8K0 407 505/506A
Rear Bumper Reflector,63147240997 OE
Diff Seal,31507609535 OE
Control Arm,31126775971 OE
Control Arm,31126775972 OE
Wishbone,31126794203 OE
Wishbone,31126794204 OE
Coolant Hose,17127619684 OE
Shaft Seal,23128677738 OE
Shaft Seal,23128742716 OE
Shaft Seal,23128677736 OE
Washer Cover,51117261100 OE
Windscreen Moulding,51317166841 OE
Duo Valve,64219310349 OE
Control Unit - Xenon,212 900 78 04 HELLA
Rear Bumper Reflector,63142990863 OE
Front Wiper Blades,61612455441 OE
Oil Filter,021 115 562A HENGST
Tank Pipe,13907595191 OE
Engine Mounting,22116770793 OE
Tie Rods,32106774336 LMI
Headlight,212 820 28 59 HELLA
Coolant Fitting,17111438820 OE
Tail Light,63217158940 DEPO
Return Pipe,11157567801 OE
Air Filter,6R0 129 620A HENGST
Oil Filter,06L 115 562B HENGST
Front Shocks,31316789853/854 BILSTEIN
Clutch Kit,21217523619 LUK
Rear Coil Springs,33536750760 BILSTEIN
Bulk Head Covers,51717169419 NTC
Bulk Head Covers,51717169420 NTC
Bulk Head Covers,51717169421 NTC
Breather Hose,13907636133 OE
Fuel Tank Valve,13907636157 OE
Mirror Motor,CRP500041
Headlight,63117288995/996 MM
Gearbox Mounting,22316770849 OE
Rear Abs Sensor,WHT 003 859 OE
Water Pump,06B 121 011Q GK
Side Mirror Switch,5K0 959 565 OE
Roof Curten,1K9 877 307D OE
Roof Bracket,1K9 898 921A OE
Fitting Kit,1K9 898 912B OE
Ignition Coil,07K 905 715G FAE
Front Brake Discs,34116756045 FEBI
Gearbox Oil,83222289720 OE
Ac Compressor,64529211496 BEHR
Coolant Hose,17127535742 OE
Oil Level Sensor,276 905 00 00 OE
Heater Hose,64219223587 OE
Front Shocks,1T0 413 031
Shock Mounting,1K0 412 331B FEBI
Front Brake Discs,34111165455 FEBI
Ribbed V-belt,6Q0 260 849E OE
Air Springs,37126795013 ARNOTT
Deflection Pulley,11287549557 FEBI
Belt Tensioner,11287549588 INA
Airmass Sensor,13627788744 BOSCH
Wing Light,63137171008 TYC
Boot Light,63217227793 MM
Under Cover Lh,4F0 825 207D
Under Cover Rh,4F0 825 208H
Tyre,265/60 R18 MRF
Top Cover Gasket,11127588418 ELRING
Vent Hose,11157608144 OE
Coolant Pipe,11511439976 OE
O Ring,11517507717 OE
O Ring,11531712219 OE
Bonnet Shocks,51238240596 STABILUS
Bulb,H1
Water Pipe,11537519710 OE
Front Shocks,8J0 413 031J
Temperature Sensor,06E 919 501A
Thermostat Assy,06E 121 111A
Engine Oil,ULTRA 5W-40
Shock Mounting,31306795083 OE
Mirror Cover,51167292746 OE
Front Brake Pads,5N0 698 151 OE
Rear Brake Pads,3AA 698 451 OE
Top Cover Gasket,11127567877 OE
Coolant Pipe,11537589713 OE
Window Switch,61313414353 OE
Sbs Unit,204 431 61 12 OE
Vacuum Pump Gasket,06H 103 121J
Bracket Hood Liver,1K1 823 633B OE
Rear Wiper Arm,4L0 955 407 OE
Rear Wiper Blade,4L0 955 425 OE
Front Coil Springs,A 204 321 06 04 OE
Rear Coil Springs,A 204 324 04 04 OE
Front Coil Springs,1K0 411 105 OE
Rear Coil Springs,1K0 511 115 OE
Radiator Cap,45137AE003
Lower Arm,7L0 407 151H LMI
Repair Kit,24207613244 OE
Top Cover Gasket,11127555738 OE
Evaporator,64116806555 BEHR
Oil Separator,06H 103 495A
Upper Control Arm,7L0 407 021B LMI
Front Brake Pads,34113404362 OE
Ac Filter,64312207985 MAHLE
Fuel Filter,13321702632 MAHLE
Front Wiper Blades,61619070579 BOSCH
Swing Arm Bushes,33326773632 LMI
Rear Shocks,33526853963 OE
Front Wiper Blades,61612156548 OE
Oil Filler Cap,11127542116 OE
Brake Light Switch,5G0 698 459 OE
Diesel Filter,7L6 127 434C OE
Boot Shocks,51247294199 STABILUS
Clutch Set,21217515141 OE
Gearbox Cooler,17217553389 OE
Deflection Pulley,11287598832 OE
Ribbed V-belt,6PK 905 CONTINENTAL
Belt Tensioner,11287571015 OE
Mount Bearing,31331090612 OE
Front Coil Springs,8J0 411 105C OE
Rear Coil Springs,8J0 511 115B
Seat Light,52109180203 OE
Repair Kit,52107240386 OE
Front Brake Discs,34116855006 TEXTAR
Rear Brake Discs,34216864901 FEBI
Tyre,275/40 R19 HANKOOK
Oxygen Sensor,11787596908 OE
Engine Mount Bracket,22113418697 OE
Front Shocks,6R0 413 031 OE
Winshield,51312993182 OE
Tail Light Finisher,51130053542 OE
Oil Filter,059 198 405H OE
Engine Sump Gasket,11137627511 OE
Heater Valve,64116910544 OE
Clutch Kit,21217523618 LUK
Engine Mounting,22118835564 OE
Bonnet Cable,4F2 823 531B OE
Fuel Filter,7P6 127 177A OE
Show Grille,8R0 853 651P OE
Thermostat,03L 121 111A OE
Control Arm Bushes,31126831646 OE
Chain Drive,11417605366 OE
Repair Kit,11312457622 OE
Tyre,245/35 R20 BRIDGESTONE
Tyre,275/30 R20 BRIDGESTONE
Mechanical Pump,1151754119 OE
Gearbox Cooler,17217553389 BEHR
Engine Mounting,22116785711 OE
Engine Mounting,22116785716 OE
Engine Mounting,22117935149 LMI
Gear Mounting,22326780269 LMI
Clutch Kit,21217515141 LUK
Mounting Plate,17111436251 FEBI
Rear Stabilizer Links,1K0 505 465A OE
Shock Mounting,1K0 412 331B OE
Engine Mounting,5N0 199 262F OE
Thermostat,06H 121 113B OE
Coolant Temperature Sensor,06A 919 501A OE
Manifold Sensor,07L 907 386B OE
Gearbox Mounting,3C0 199 555A OE
Vtg Motor,27102449709 BOSCH
Switch Cluster,61319169071 OE
Control Arm Bushes,31128831645 OE
Atf Oil Spl,G 052 182 A2 FEBI
Top Cover Gasket,11128515732 OE
Ac Filter,5Q0 819 669 OE
Spark Plugs,04E 905 601B OE
Air Filter,04E 129 620 OE
Bar Bush,31351096365 OE
Connector,11117800048 OE
Gearbox Mounting,22316853453 OE
Control Arm,31126879843 OE
Pressure Sensor,13537614317 OE
Sleeve Cylinder,21521164529 OE
Bumper Reflector,63147290091 OE
Rear Shocks,33526874369 SACHS
Fan Clutch,17417789256 BEHR
Mirror Light,4L0 949 101 OE
Headlight,A 204 820 38 39 MM
Ac Filter,8K0 819 439A HENGST
Spark Plugs,06K 905 601B OE
Air Filter,13717568728 BOSCH
Boot Handle,51477267484 OE
Fog Lamp,LR026090
Bumper Reflector,63147217315 OE
Coolant Hose,17127580955 OE
Ventilation Valve,13907636156 OE
Belt Tensioner,11288620022 OE
Pressure Sensor,13627599042 OE
Tail Light,166 906 62 02 OE
Gasket Ring,13717503137 OE
Crankshaft Seal,11148482796 OE
Headlight,63117259523/524 MM
Towing Cover,51117378591 OE
Rear Wiper Blade,6Q0 955 425A OE
Front Wiper Blades,61612245436 OE
Front Brake Discs,34116868939 OE
Rear Shocks,33526855243 BOGE
Front Brake Discs,34116868939 BOSCH
Engine Mounting,22116786528 OE
Led Control Unit,63117263051 CAN
Ac Filter,6Q0 819 653B MAHLE
Bulb,H21W BOSCH
Air Springs,37121095579 ARNOTT
Air Springs,37121095580 ARNOTT
Top Cover Gasket,11128655413 FEBI
Air Filter,13718513944 OE
Ac Filter,64116823725 OE
Spark Plugs,12120040551 OE
Boot Shocks,51247332696 OE
Bush,51338242760 OE
Front Wiper Blades,61612458014 OE
Swing Arm Bushes,33326773633 LMI
Ac Compressor,64509159072 VALEO
Air Filter,4G0 133 843K HENGST
Ac Filter,4H0 819 439 HENGST
Fuel Filter,4G0 201 317B VDO
Wheel Bearings,33416762317 FEBI
Valve Seals,11340035888 ELRING
Stabilizer Bar,31356788710 OE
Stabilizer Links,31306787163 OE
Stabilizer Links,31306787164 OE
Connector,11537600590 OE
Belt Tensioner,11287565225 OE
Expanding Rivets,07147213303 OE
Radiator,17118672010 NISSENS
Exhaust Bracket,18207548745 OE
Ac Compressor,64509192317 DENSO
Vent Pipe,17127576363 OE
Steering Shock,A 000 463 51 32 STABILUS
Tie Rods,A 126 330 06 03 MEYLE
Charge Air Duct,13717609810 OE
Window Switch,A 204 905 40 05 OE
Water Pump,11518635089 PIERBURG
Top Radiator Hose,17127646150 OE
Ac Filter,64319257505 OE
Gearbox Cooler,24148627861 OE
Tie Rods,32106899815/816 OE
Filler Pot,51177069449 OE
Fuel Pump,16117197076 VDO
Top Cover Gasket,11128511814 OE
Additional Dampers,31336855440 OE
Towing Cover,51117111787 OE
Towing Cover,51117210474 OE
Rubber Mounting,33316787940 OE
Air Filter,13721477840 OE
Spark Plugs,12120037608 OE
Windscreen,7P6 845 099 OE
Water Pump,11518635092 PIERBURG
Engine Oil Cooler,11428585236 OE
Radiator Cap,17117639024 OE
Control Arm Bushes,31126769715 LMI
Engine Oil Cooler,11427508967 FEBI
Front Windscreen,51313402147 OE
Front Brake Discs,34116868939 FEBI
Rear Brake Discs,342167933247 BOSCH
Engine Oil,QUARTS 9000 5W-40
Ac Compresssor,64506805025 NISSENS
Engine Mounting,22116856183/184 FEBI
Centre Bearing,26127558745 OE
Rubber Mounting,18207807132 OE
Ribbed V-belt,03C 260 849A OE
Propeller Shaft Coupling,26117511454 FEBI
Water Pipe,11537519710 TRUCKTEC
Tie Rods,32106787472 LMI
Washer Pump,67126934160 VDO
Coolant Hose,17127823890 OE
Front Shocks,31316851339 OE
Front Shocks,31316851340 OE
Towing Cover,51117207299 OE
Engine Oil,ULTRA 5W-30
Bonnet Shocks,41612990344 STABILUS
Front Brake Pads,34116763617 TEX
Top Windscreen Moulding,51317292394 OE
Pressure Sensor,64539323658 OE
Rubber Mounting,18207568777 OE
Gearbox Mounting,22316796617 NG
Air Filter,642 094 00 00 HENGST
Rear Brake Discs,34216868940 BOSCH
Rubber Mounting,33306786993 OE
Covering,51713402957/958 OE
Ac Filter,64319195194 HENGST
Diesel Filter,13328572522 OE
Rear Brake Pads,34216788275 TEX
Front Brake Sensor,34356792563 TEXTAR
Rear Brake Sensor,34356792566 TEXTAR
Intergrated Supply Unit,12637591534 OE
Boot Shocks,51247332697 OE
Boot Shocks,51247332698 OE
Front Brake Sensor,34356778175 TEXTAR
Adblue,G05 291 0A2 OE
Water Pipe,17127510952 OE
Cylinder Head Thermostat Hose,11537560363 OE
Water Pump,11517807311 TOPRAN
Oil Separator,06H 103 495A OE
Washer Cover,51117378590 OE
Trim,51117325396 OE
Air Filter,04E 129 620 MAHLE
Ac Filter,6Q0 819 669 HENGST
Oxygen Sensor,11787589121 BOSCH
Wheel Bearings,33416762314 FEBI
Coolant Hose,17127640916 OE
Shock Mounting,31306778833 LMI
Intake Manifold,32416754498 OE
Vacuum Pump,11667625260 OE
Rear Brake Pads,34216775346 TEX
Bumper Trim,51127289755 OE
Boot Light,63217227794 MM
Driveshaft Boot,31607565315 OE
Coolant,COOLANT SHELL
Engine Sump Gasket,11137600482 OE
Front Brake Discs,34116793245 FEBI
Water Pump,11517632426 PIERBURG
Cylinder Head Cover,11127565284 OE
Ekp Control Unit,16147411596 OE
Connector,11127610707 OE
Coolant Hose,11537584543 OE
Ac Compressor,64509196890 BEHR
Wheel Locks,36136773192 OE
Front Wiper Blades,61612455436 OE
Pressure Converter,11657599547 OE
Washer Cover,51117332684 OE
Front Shocks,31316780467/468 OE
Return Pipe,32416781745 OE
Cup Holder,51459173470 OE
Blind Plug,11537519733 OE
Control Arm Bushes,33326764105 OE
End Cap,06B 103 113C OE
Front Brake Discs,34116854998 TEXTAR
Sunroof Mechanism,54107198619 OE
Front Wiper Blades,61612458016 OE
Oil Filter,11427542021 MAHLE
Oil Separator,156 010 03 70 OE
Windscreen Moulding,51317115412 OE
Injector Nozzle,13537805428 OE
Oil Pump,11417594311 OE
Oil Filter,11427566327 MANN
Spare Wheel,36112187043 OE
Fuel Additive,XADO DPF CLEANER
Belt Tensioner,11281427252 INA
Front Crankshaft Seal,11117568264 OE
Liquid Sealant,83190404517 OE
Gearbox Oil,G05 502 5A2 FEBI
Centre Bearing,26127521855 FEBI
Sunction Pipe,11417521173 OE
Air Filter,13717534825 HENGST
Wheel Bearing,33416795961 OE
Turbo Pipe,11618513853 OE
Foglamp Grill,51117336509 OE
Air Duct,51747343798 OE
Tail Light,63217470886 OE
Engine Mounting,22116856184 LMI
Wing Light,63137171007 TYC
Rear Brake Discs,34216855007 BOSCH
Rear Shocks,33526789380 BOGE
Front Shocks,37106875084 OE
Rear Shocks,37106875087 OE
Water Pump,11517648827 GK
Oil Level Sensor,12618608780 OE
Gear Sump,24118612901 OE
Front Brake Pads,34116858910 OE
Rear Shocks,37106875088 OE
Foglamb Grill,4H0 807 679K OE
Oil Filter,A 270 180 01 09 HENGST
Air Filter,A 274 094 01 04 MANN
Oxygen Sensor,11787561410 BOSCH
Front Shocks,37106875083 OE
Gearbox Mounting,22316796617 OE
Throttle Body,13547810752 OE
Engine Mounting,22116778645 LMI
Front Shocks,37116797027 OE
Front Shocks,37116797028 OE
Ac Condenser,5Q0 816 411B OE
Hex Bolt,07147154229 OE
Bumper Bracket,5G0 807 049/050A OE
Radiator,17118672011 NISSENS
Clutch Assembly,21217523620 LUK
Battery,61216806755 OE
Double Filament Bulb,P21/4W
Ribbed V-belt,8DPK 1833 CONTINENTAL
Injector Washers,13532247156 OE
Vacuum Pump,11667640279 PIERBURG
Oil Level Sensor,12617638341 OE
Front Brake Discs,34116868939 TEXTAR
Diesel Filter,7L6 127 434C BOSCH
Oil Level Sensor,12617638341 HELLA
Engine Oil,XADO 10W-40
Side Panel Finisher,51117338570 OE
Engine Sump Gasket,11137511224 OE
Water Pump,11517586779 GK
Thermostat,11537586885 BEHR
Turbo Charger Gasket,11627606647 OE
Charge Air Line,11618506079 OE
O-ring,31511213527 OE
Ac Compressor,64509174802 BEHR
Ribbed V-belt,6PK 1698 CONTINENTAL
Gearbox Cooler,17217529499 FEBI
Cap With Shaft Seal,11148483798 ELRING
Micro Filter,166 830 02 18 OE
Rear Brake Discs,34216868940 TEXTAR
Door Seal,51767318509/510 OE
Oil Filter,651 180 01 09 MANN
Water Pump,11517643067 OE
Diesel Filter,651 090 28 52 HENGST
Front Brake Pads,A 007 420 79 20 OE
Rear Brake Pads,A 000 420 67 04 OE
Coolant Hose,17127578399 OE
Expansion Tank,17137647284 OE
Engine Sump Gasket Bottom,11137566808 OE
Drive Wheel,11517619020 OE
Pilot Bearing,21207536792 OE
Cover Lid,11117530262 OE
Side Panel Finisher,51117338569 OE
Pipe,13717823517 OE
Boot Shocks,51248222913 STABILUS
Calliper Clips,34106790927 OE
Front Brake Discs,34106879122 OE
Front Windscreen,51317283828 OE
Seal Carrier,11617812938 OE
Fuel Pump,16117243975 BOSCH
Sump Guard,51752990573 DUPLICATE
Door Lock,204 420 25 35 OE
Fem Unit,61359438729 OE
O-ring,07119906090 OE
Vibration Damper,11237823191 OE
Boot Switch,51248168035 OE
Front Brake Discs,34106879122 TEXTAR
Bar Bush,31303404065 BRY
Oil Filter,642 180 00 09 OE
Coolant Hose,11537591889 OE
Fuel Pump Relay,61368373700 OE
Lock Nuts,36162453959 OE
Air Filter,13717619267 HENGST
Ribbed V-belt,6PK 1548 CONTINENTAL
Radiator,17118623366 NISSENS
Ac Filter,64319127515 HENGST
Ac Filter,64116823725 HENGST
Front Brake Pads,34106860019 TEXTAR
Rear Brake Pads,34216859917 TEXTAR
Gearbox Sump,24152333903 OE
Valve Seals,11340033950 FEBI
Radiator,17117547059 BEHR
Water Pump,11518635089 GK
Water Pump,11517597715 OE
Glow Plug,12237786869 BERU
Ribbed V-belt,8PK 1390 CONTINENTAL
Rear Wiper Arm,61627213242 OE
Rear Brake Discs,34216864900 TEXTAR
Front Brake Sensor,34356888167 OE
Rear Brake Sensor,34356865612 OE
Stabilizer Links,31356777319 OE
Fuel Additive,XADO DIESEL CLEANER
Radiator,17118672102 NISSENS
Rear Shocks,37126796929 ARNOT
Rear Shocks,37126796930 ARNOT
Profile Gasket,11427625484 OE
Profile Gasket,11427625485 OE
Top Radiator Hose,17127526954 OE
Outside Temperature Sensor,65816936953 OE
Bonnet Shocks,51238240596 FEBI
Fuel Pump,16117271162 PIERBURG
Bulb,R10W
Expansion Tank,17137647713 OE
Fuse Relay,61366915327 OE
Abs Sensor,34526762465 ATTE
O-ring,24317536355 OE
Front Top Windscreen Moulding,51317179737 OE
Wheel Bearing,31206850158 FAG
Washers,07119905041 OE
Distribution Piece,11427795973 OE
Front Shocks,31316851333 OE
Front Shocks,31316851334 OE
Micro Filter,64319194098 OE
Front Brake Discs,34116868938 TEXTAR
Ac Compressor,4F0 260 805A DENSO
Ac Filter,205 835 01 47 MANN
Spark Plugs,004 159 70 03 OE
Bonnet Shocks,51237210727 STABILUS
Waterpump,11517597715 GK
Lead Wire,03F 905 409C OE
Ribbed V-belt,7DPK 1884 OE
Ball Joints,31126768988 FEBI
Bonnet Shocks,51233400352 FEBI
Valve Seals,11340033950 OE
Show Grill,5G0 853 651Z OE
Front Wiper Blades,61610038895 OE
Hydraulic Valve,11417584989 OE
Air Filter,651 094 01 04 HENGST
Engine Oil Cooler,11427788462 FEBI
Front Windscreen,51317211915 OE
Cylinder Head Cover,11127552281 ELRING
Camshaft Gear,11367583207 MP
Camshaft Gear,11367583208 MP
Ac Filter,64316835405 OE
Diesel Filter,13328584868 OE
Boot Badge,51147196559 OE
Slide Rail,11317577631 OE
Heat Exchanger Hose,17127548222 OE
Ac Filter,64119321875 HENGST
Diesel Filter,13328584868 HENGST
Oil Pressure Switch,12618613333 OE
Water Hose,11537508688 OE
Centre Bearing,26127558745 FEBI
Rear Brake Sensor,34356865612 TEXTAR
Cylinder Head Cover,11127570292 FEBI
Cylinder Head Cover,11127588412 ELRING
Oxygen Sensor,11787595353 OE
Wheel Rim,36117844249 OE
Air Filter,13717800151 HENGST
Shaft Seal With Lock,31508743675 OE
Ball Joints,31103438623 LMI
Air Filter,13718513944 HENGST
Calliper Clips,34111163488 ATTE
Oil Filter,03L 115 562 MAHLE
Rear Crankshaft Seal,11147794168 ELRING
Handbrake Liver,34406762193 OE
Washer Jet Cover,51117293031 TAIWAN
Gearbox Adapter,24347588759 OE
Water Hose,11537592086 OE
Bonnet Cable,51237025376 OE
Bumper Reflector,63147338807/808 OE
Engine Breather,11127809512 TT
Dicky Spring,51247204367 OE
Oxygen Sensor,11787558073 BOSCH
Water Pump,11517597715 PIERBURG
Front Coil Springs,31336767369 BILSTEIN
Upper Guide Support,33526776399 OE
Water Pump,11517790472 GEBA
Ac Filter,64319142115 HENGST
Ac Filter,64319257504 HENGST
Air Filter,5Q0 129 620B MAHLE
Ac Filter,5Q0 819 653 HENGST
Foglamp Grill,51118038267 OE
Rear Shocks,33526786541 SACHS
Thermostat,17217559962 BEHR
Water Hose,64539119168 OE
Gearbox Filter,24117557070 FEBI
Wheel Bearings,33406787015 OE
Wishbone,31126864821 LMI
Wishbone,31126864822 LMI
Bumper Reflector,63147240998 OE
Bonnet Shocks,51237148346 STABILUS
Oil Filter,11427622446 HENGST
Cylinder Head Hose,11537593027 OE
Hood Catch,51238402552 OE
Front Bumper Bottom Trim,51117222729 OE
Air Springs,37126790079 ARNOTT
Driveshaft Boot,31607608095 OE
Waterpump,11518516204 OE
Ac Condensor,64536805452 NISSENS
Electric Valve,11748570591 OE
Dicky Shock,51247148902 OE
Heat Management,11537644811 OE
Ignition Coil,12138643360 OE
Sealing Sleeve,24107536339 OE
Sealing Sleeve,24107536340 OE
Sealing Sleeve,24107536341 OE
Wedge,51247342901/902 OE
Stopper,51247342899/900 OE
Ac Filter,5Q0 819 669 HENGST
Oil Filter,651 180 01 09 OE
Oil Filter,11428593186 OE
Radiator Support,51642990176 OE
Solenoid Valve,11417639993 OE
Cylinder Head Cover,11127611277 OE
Oil Filter,11428593186 HENGST
Waterpump,11518516435 GK
Engine Mounting,22116768853 FEBI
Front Brake Discs,34116859679 ZIMMER
Engine Mounting,22116854251 LMI
Engine Mounting,22116854252 LMI
Washer Pump,67128621154 HELLA
Speaker Cover,51467112211 OE
Sensor Wiring,37146761345 OE
Front Links,31306861483 OE
Led Light,63127245814 CAN
Ac Filter,64316835405 HENGST
Fuel Flap Motor,51177358686 OE
Calliper Spring,000 993 74 07 OE
Washer Cap,51117222744 OE
Engine Mounting,22116875630 OE
Stabilizer Links,1K0 411 315D LMI
Air Suspension Pump,37206875177 ARNOTT
Turbo Water Pump,11515A36585 OE
Boot Shocks,51247060622 FEBI
Front Stabilizer Bar,31356774737 OE
Connector,11531439134 BM
Rear Shock Mounting,33526768544 LMI
O-ring,11537600587 OE
Gearbox Mounting,22316864675 FEBI
Pressure Sensor,13628657300 OE
Wheel Bearing,31226882263 FEBI
Tie Rod,32106858737 LMI
Air Filter,4F0 133 843A HENGST
Front Windscreen,51317316794 OE
Tierod,32106858735 LMI
Front Wheel Bearings,31226867808 FAG
Front Wheel Bearings,31206868480 RM
Control Arm Bushes,31106778015 LMI
Rear Brake Sensor,34356789330 BOSCH
Air Filter,642 094 00 00 OE
Pannelling,51717065284 OE
Control Arm,31126879844 OE
Rear Additional Dampers,33536857468 OE
Water Pump,11518623574 OE
Engine Mounting,22118535572 OE
Control Arm,31126879841  OE
Control Arm,31126879842 OE
Rear Brake Sensor,34356791962 TEXTAR
Thermostat,11537600584 BEHR
High Pressure Pump,13518605103 BOSCH
Air Filter,13718577171 HENGST
Oil Filter,11428575211 MAHLE
Ac Filter,64115A1B0B6 HENGST
Front Brake Pads,34116889570 BREMBO
Rear Brake Pads,34216867175 TEXTAR
Front Brake Sensor,34356890788
Rear Brake Sensor,34356890791
Ribbed V-belt,6PK 1155 CONTINENTAL
Air Duct,51642990178 OE
Rear Additional Dampers,33536856829 OE
Rear Wiper Blade,61612990035 OE
Top Cover Gasket,11127582400 ELRING
Rear Wiper Blade,61627442093 OE
Connector,166 997 17 59 OE
Injector Nozzle,03L 130 277Q BOSCH
Valve Block,37206859714 TT
Front Additional Dampers,31336861727 OE
Engine Mounting,22316786566 OE
Bonnet Shocks,51237289753 OE
Front Brake Pads,34106860019 OE
Rear Brake Pads,34216859917 OE
Ac Compressor,64529205096 NISSENS
Deflection Pulley,11281440378 INA
Boot Shocks E83,51233400379 STABILUS
Air Filter,13717811026 MAHLE
Ac Filter,64119382886 HENGST
Towing Cover,51128052112 OE
Oxygen Sensor,11787589122 BOSCH
Fuel Pump,16117314804 BOSCH
Gearbox Cooler,17217553389 NISSENS
Oil Filter,11428507683 HENGST
Gearbox Filter,24152333899 FEBI
Oil Filter,11428570590 MANN
Bumper Reflector,63147217315 TWN
Bumper Reflector,63147217316 TYC
Charge Air Duct,13717609811 OE
Thermostat,11537601158 BEHR
Valve Seals,11340029751 ELRING
Front Brake Sensor,34356888167 TEXTAR
Connector Hose,11537560130 FEBI
Coolant Fitting,17112248409 OE
Washer Jet Cover,51117338568 OE
Idler Pulley,11287615130 FEBI
Front Brake Sensor,34356791958 TEXTAR
Front Shocks,31316796315 SACHS
Front Shocks,31316796316 SACHS
Oil Filter,11427808443 MANN
Rear Additional Dampers,33536789385 OE
Engine Sump Gasket,11137627512 ELRING
Filtered Air Pipe,13717597586 FEBI
Ribbed V-belt,7DPK 1884 BOSCH
Booster Sensor,000 905 92 03 OE
Handbrake Module,34436850289 MATRIX
Boot Light,63217227794 OE
Air Filter,13717532754 MANN
Stabilizer Mount,22116885786 OE
Gearbox Mounting,22316853449 OE
Air Suspension Pump,37206875177 AUTOSTAR
Ac Compressor,64529211496 NISSENS
Abs Sensor,34526869320 OE
Injector Nozzle,13537589048 VAR
Front Windscreen,51317316800 OE
Alternator Pulley,12317560483 BOSCH
Front Brake Pads,000 420 12 05 OE
Window Switch,61319216049 OE
Tie Rods,32103865236 LMI
Air Filter,13717503141 HENGST
Front Shocks,31316851333 SACHS
Vacuum Pump,11667640279 FEBI
Window Lifter,51337197301 NG
Bulb,H7 BOSCH
Radiator,17117559273 VALEO
Cylinder Head Hose,11537572159 RM
Front Wiper Blades,61612158220 BOSCH
Air Filter,A 273 094 04 04 MANN
Bar Bush,31356765574 LMI
Flat Gasket,18107502346 ELRING
Air Intake Tube,13717605638 FEBI
Capless Bulb (large),W16W BOSCH
Relay,61366977982 OE
Intake Manifold,11617811909 OE
Air Filter,13717811026 HENGST
Ac Compressor,64529399060 DENSO
Belt Tensioner,11287799851 Oe
Oxygen Sensor,11787530285 Bosch
Air Filter,13717797465 Oe
Air Filter,13717561235 Oe
Top Cover Gasket,11128515732 Victor Reinz
Bonnet Shocks,51 237 060 550
Ac Filter,64319312318 Oe
Parking Brake Motor,0
Oil Filter,11427953129 Oe
Tie Wraps,Large
Air Filter,1j0 129 620
Dipstick Tube,0
Radiator Temperature Seal,1
Turbo Seals,11537610049
Rear Wheel Bearing,33412450406 FREY
Front Abs Sensor,34526791223
Rear Abs Sensor,34526784989
Rear Left Tyre,225/50
Oil Filter,11427953125 Mann
Air Filter,13718577171 Oe
Oxygen Sensor,11787558055 Bosch
Oxygen Sensor,11787557758 Bosch
Brake Discs,34119811537 Oe
Oil Filter,11428570590 Hengst
Oil Filter,11427826799 Hengst
Air Filter,13718577170 Oe
Crankshaft Seal,11147787262 Victor Reinz
Stabilizer Bar Bushes,Bush123
Oil Filter,04e 115 561h VW
Air Filter,04E 129 620 VW
Airmass Sensor,13627551638 Bremi
Stabilizer Links,5Q0 505 465A
R.h.s Drivers Window Winder,Lo8 374 62f
Air Filter,13717532754 Hengst
Ac Filter,64316945596 Hengst
Fuel Filter,13328591019 Oe
Air Filter,A 642 094 00 00 Hengst
Radiator Cap,17117632022 Oe
Oil Filter Housing,06j 117 070 L
Bonnet Shock,7p6 823 359 A
Integrated Supply Module,12638645514 Oe
Cylinder Head Cover,11127570292 ELRING
Brake Pipe,34301166118 OE
Diesel Filter,13328591019 Hengst
Expansion Tank,17117575781 Mahle
Vent Hose,17127596831
Intake Manifold,06J 122 201 BH
Injector Seal,injector1
Ac Filter,64316945586 OE
Valve Tronic Gasket,11127552280 VR
Rear Shocks,33503451402 Sachs
Air Filter, A 271 094 03 04 Hengst
Deflection Pulley,11287598832 Febi
Micro Filter,64319198098 Hengst
